b'-0DET7VdEQOJVJ_v6klEug'	3.0384615384615383	1.0
b'-0T0jfPnuBRdpNTXpOQZcA'	4.647058823529412	1.0
b'-2lSbNMhXKYu7URjEE59qA'	3.0757575757575757	1.0
b'-56TP_w4VG2oNGpauDMOOQ'	6.613207547169812	1.0
b'-7EwIdxcRC5McO35DVfeSQ'	3.303030303030303	1.0
b'-DtaPJJ-beogNkDKusGhlA'	3.0	1.0
b'-I7Vz5eDjc63xKmmt4Qx4g'	3.9019607843137254	1.0
b'-Lgj3gdQZiVngAEc1yALzw'	5.0	1.0
b'-QOz-2NrDkXjgKYEGBQZhA'	3.1818181818181817	1.0
b'-WE0z2uUAajXvd-fRmHS5w'	3.8	1.0
b'-aXiRp2vp8Ax3BWQsk8hpg'	3.198473282442748	1.0
b'-e_LJpqkw3Yrb8CamUIEPw'	2.9545454545454546	1.0
b'-iJTY1Ni2XKzSERbMP5kJQ'	3.5384615384615383	1.0
b'0-8DTqVaY9RJU0PAWD2l6Q'	5.66412213740458	1.0
b'0-jZq2P4eN7fRdt4Ls1QZQ'	4.025862068965517	1.0
b'00idQeDRVoL8WN4J7TnEJQ'	2.6794871794871793	1.0
b'08BzkGvs4Z3c-oFrk3AqTA'	3.6052631578947367	1.0
b'0Bv0vFPdBs_E_5r1s3tHCw'	4.121212121212121	1.0
b'0C38ezzbBX-dWxpnnwYAzg'	2.4745762711864407	1.0
b'0F42T07SdUQY24pidn9QwQ'	4.17948717948718	1.0
b'0KQE_-HWEAL_eBKIsEFf3Q'	5.0	1.0
b'0M3KCmdY-_xlIu5vEqVq4A'	4.4	1.0
b'0MCXyrNQGaqdYBcAwh3anQ'	3.8536585365853657	1.0
b'0OQHtON0BsQPL0235RC5xQ'	2.9615384615384617	1.0
b'0PM5oFKO29sZmL5efmHxug'	2.9285714285714284	1.0
b'0R87tcWUqkWXAD5z0vZcuQ'	2.547169811320755	1.0
b'0VtWeDkqzj9CE3MF0geWYA'	3.1076923076923078	1.0
b'0XlbdDkYzC14SZF_bUGeXA'	8.616666666666667	1.0
b'0Y9iJRZO0fKEPKGKKzNoxA'	3.303030303030303	1.0
b'0YCu9KDTnYq0GlZegh9XPQ'	4.096774193548387	1.0
b'0ZQCJO-btoKOk3mErTYKwA'	4.951456310679611	1.0
b'0tAbgK3TT6bNHtT4KOHZCQ'	3.272727272727273	1.0
b'12ZacUSAi2ApUIJuNL_S-g'	3.8536585365853657	1.0
b'1CeWMRJwyFkQ-fc3MR1Dmg'	3.0238095238095237	1.0
b'1Cylq9rdQ0JUgXsvvGtDBA'	2.871794871794872	1.0
b'1JsD-_kMCC3jZOMzJIaigg'	2.982905982905983	1.0
b'1PMwRG0uWGxk2hIVEQj62A'	7.629032258064516	1.0
b'1_rqZz1K5Uoq2RvZlINfgA'	3.727272727272727	1.0
b'1cGgVvEbuBlW2GDvJ112vA'	3.466666666666667	1.0
b'1lReBAd4iLe0rBLKiurw7Q'	3.330827067669173	1.0
b'1oD3ndgNI997hTEqkEh8EA'	2.6	1.0
b'2I855MSdyM6IEIcO3H3-HA'	3.453781512605042	1.0
b'2PrumlGyBhyqzS4m96FYtQ'	5.044117647058823	1.0
b'2affqR8mmNPuW1HdnFUAng'	2.6956521739130435	1.0
b'2bYIP52sBrmZoVzziH2kfw'	6.0	1.0
b'2iSXzsmucGHn_NM51y29bQ'	5.3023255813953485	1.0
b'2pHvdKA1J43-85mfVPvAyw'	5.0	1.0
b'300cN_XaArNzXKYrXYdr1Q'	6.875	1.0
b'3AWtQN1iX9n9DjRfvxMEWw'	3.727272727272727	1.0
b'3Wk0eWZKyw7oSFwIUhAf2g'	3.076923076923077	1.0
b'3fw2X5bZYeW9xCz_zGhOHg'	3.6766917293233083	1.0
b'3phfrYKI1_vjlmJ2zQPAjw'	2.6923076923076925	1.0
b'44a_evCaWZ63cPA1kWPJOw'	3.0454545454545454	1.0
b'4Yi3mOofceLVKxiGDPBqMw'	2.810810810810811	1.0
b'4_knkqKbb0ZUYusiEzk2hQ'	3.2941176470588234	1.0
b'4aqLu8WlKqrFlUiUY-vXMw'	4.317073170731708	1.0
b'4eAKvnILoB8n4wUWd3uy3Q'	2.6923076923076925	1.0
b'4vLaHphDBWOy1aI7URQ75Q'	2.5217391304347827	1.0
b'4x8N-KO2TFJFVveefrQiSw'	5.8	1.0
b'4yDbirWYY2WXPG4xC72rQA'	5.141025641025641	1.0
b'58OIHWEqadNaPPhbqtXX2A'	3.8	1.0
b'5CdMd2cmONeVqkWx_DNfAA'	3.4	1.0
b'5H4coiGpvG3XdnU1Nde2xQ'	2.541284403669725	1.0
b'5Qr0XNS4UPLoA22rY0ph5A'	2.948905109489051	1.0
b'5UNKDcEJC1FziV7uBczzfA'	5.233333333333333	1.0
b'5XVabANkehj7oH-Z7YZkwg'	4.855769230769231	1.0
b'5ubokMNw8qfbX2WtxgJG1Q'	2.9545454545454546	1.0
b'63l89u6B9fHWdzY0RXUXqg'	2.6666666666666665	1.0
b'69opA0U-zaMsIOqyavMq2g'	3.364341085271318	1.0
b'6Bmq3b91hqTwMFn5cpPWzQ'	2.4936708860759493	1.0
b'6MomUPA3w0JicziqJLumQQ'	3.0757575757575757	1.0
b'6NWdAJFfW3w-CqUQAcH0uw'	5.7727272727272725	1.0
b'6P9Vznv5XpaSYfUrefEcQw'	4.0606060606060606	1.0
b'6ThiBVRWO3alyc7WJ9TMmw'	4.35	1.0
b'6ZsiLiSWGK2pgw6t3LfzNQ'	3.9210526315789473	1.0
b'6gMxIRoEMWDg-HqibN9aqw'	3.8793103448275863	1.0
b'6i_EXDHikHWhhDipzMt8rw'	3.5918367346938775	1.0
b'6mAyUJE0DI11jH-k7MX80A'	4.8	1.0
b'6p4Cu__KMSpDUqX4qVpCMQ'	2.967741935483871	1.0
b'6rv2q1906KMiJTW2QpXv6A'	2.9473684210526314	1.0
b'6sATfFam9_q9uod0I2aCsg'	3.2436974789915967	1.0
b'721zzieREzx5WBxY3khmmA'	3.0652173913043477	1.0
b'7CHr-klnXenyow0H8b2Cyg'	2.625	1.0
b'7P0po-W1w7lKqJGG8UfPgg'	3.1654135338345863	1.0
b'7RY6ARllxXFXYTTXtP-8Eg'	4.205128205128205	1.0
b'7U5-h997PyWX4B8uMk4Tcw'	7.609756097560975	1.0
b'7Ym8NVxTO9b1FLGeWGp_Fg'	4.0	1.0
b'7n23TATDkmVVo6UzNI5UQQ'	3.857142857142857	1.0
b'7tzXkDX8HmpzRRoJyLBKcA'	3.0454545454545454	1.0
b'7wFdubzWH4ig08AcoibXeA'	3.289473684210526	1.0
b'7wi0yczEe3OC3P8CpkZz2g'	5.4	1.0
b'821Xtr_wwXqDc_ljjy5p6w'	3.7032967032967035	1.0
b'82_uBRv_DfOIQi98KP52MA'	2.6982758620689653	1.0
b'872bhARqHoDEljyEboTDew'	3.4285714285714284	1.0
b'88TztTRS7K80OvWpolm4sQ'	2.53125	1.0
b'8JvnGSxZAw-1qvw35xLyPQ'	3.6470588235294117	1.0
b'8Moo70rNhVb8Ji9PQNS3iw'	3.6470588235294117	1.0
b'8gzRJEmYJGTCdahRKcafXw'	3.7355371900826446	1.0
b'8igSEuGdCMLFrwwXgU38kg'	3.0714285714285716	1.0
b'8jl0zzTGajfSDpdVDPYn6Q'	3.0	1.0
b'8lPxiYChdJdTV24NJvOB3Q'	3.130434782608696	1.0
b'8v7nrjG5K0cMleIP4Kit-w'	5.7164179104477615	1.0
b'8xPmlVJy2o6x0J04CBpEMQ'	8.5	1.0
b'9-lGjghZUEPmKyviTyYLUA'	4.00763358778626	1.0
b'941AKOPQOAu3POXoDL7pSg'	3.3205128205128207	1.0
b'98mGyxngGTYlQvohB83eKA'	3.2781954887218046	1.0
b'9AVuEdSl85ZEd49zrdsK5g'	4.2682926829268295	1.0
b'9CJGlFmrHBt9htRv6on32A'	4.082644628099174	1.0
b'9b-rXZbHAAxv_0sSWlcyEQ'	3.673469387755102	1.0
b'9fKYo_6qLPofBbts0JAnSw'	3.8780487804878048	1.0
b'9gmBTYCBC0uM6uCJdwK2Bw'	3.3947368421052633	1.0
b'9nMoCP27LfPGo2Yu-6z1bg'	2.909090909090909	1.0
b'9ok8nLK-8emYWbt6kwd-HA'	2.559322033898305	1.0
b'9q_O836mXia6Lqkirl2Ynw'	2.6315789473684212	1.0
b'9v9cMGBpUm_IzTuPfXXEOw'	3.5267175572519083	1.0
b'A2aOwMcP0DxGPr2El7eifA'	2.9448818897637796	1.0
b'A5lD3y2eREchEdMcvWPXBA'	2.7222222222222223	1.0
b'AEDMHHsQ9FWb6hiv_RaQMQ'	2.7457627118644066	1.0
b'AKO9zpHbyskr_E4TDMpRHA'	3.761904761904762	1.0
b'AL_dmG-SSeykB0X5SpDiwA'	2.9770992366412212	1.0
b'ANbBHDf1PZp5bQCkEa8YsQ'	3.0	1.0
b'APLfzC4bgq7wVwq3aoDE9Q'	4.673267326732673	1.0
b'AY97dZLFOzhXyAKsQuEWLw'	5.833333333333333	1.0
b'Ac0kKKfYGM-vKORWCg20eg'	4.146341463414634	1.0
b'AhQ8vvgBOPJ4iFMC8ZbdNw'	8.601694915254237	1.0
b'AipRYo2T9Av3Tr0pVV_adA'	3.090909090909091	1.0
b'AnooUWnq68nDpMjXf2n4_g'	3.2983870967741935	1.0
b'ArMzv0oa_-UndTK3o3HHWg'	5.8	1.0
b'AtUtG-oQp1rkk6ZdYcfSzw'	2.8229166666666665	1.0
b'AuKKWh7jc1G7G_P_l8fd-g'	3.0588235294117645	1.0
b'B4SQCxWWvOLlyqHBFrNlSw'	4.846153846153846	1.0
b'B9c_0pMFuDN6y6934MsmZQ'	5.0588235294117645	1.0
b'BCa9j5GEo5lnEPywu-TiFA'	9.625	1.0
b'BWnVdK1W8i9kYU75u0DMHA'	3.3	1.0
b'BmSLyxm8b86dtzwuT7LqBA'	2.871794871794872	1.0
b'C2C37kwDZ332qwlx_Cg4nw'	4.2368421052631575	1.0
b'CAhoEZPcAEvBSoCxn_fAjQ'	4.875	1.0
b'CC8AIB3g1d88YVpmaUsVgA'	6.309523809523809	1.0
b'CG4KapQ-CXygjnqlN9ytLA'	5.0	1.0
b'CMkayuNDHPcd1dxO32kJyA'	3.141304347826087	1.0
b'CP6huld0HBwnDMoH5YWSig'	5.181818181818182	1.0
b'C_MKyyEaJVUTldNujrnTZQ'	3.8333333333333335	1.0
b'CbAZZVel3mXEUepuqtn_0w'	5.0	1.0
b'CbXrSVThJEIGYWKOwNzBUA'	3.3333333333333335	1.0
b'Cgv6synb6E6XFp0wAS8oTw'	4.7105263157894735	1.0
b'CkDonyHqcSw9b-mXgNc4TA'	4.913043478260869	1.0
b'CmD8Nx5DW7eaFAax47Wlnw'	3.0	1.0
b'Cs8BaiKkyNU6mzxq9nTsmg'	2.533333333333333	1.0
b'Cx0wkl85Xdw9OCQkbXMjzQ'	4.0	1.0
b'Cy1bPenka65T2AUBAn-WkQ'	5.844660194174757	1.0
b'D84t4wCarKR7h9lbWZDFmQ'	3.219047619047619	1.0
b'DZtCOjxk8o3spThN215Gbg'	2.6923076923076925	1.0
b'DaYA84gx1p7TvtsW14NuAw'	3.0	1.0
b'DbTpQB1BSi76naw2aHXouQ'	3.3333333333333335	1.0
b'DeyZIjeRaVMVm2ae2YUkyg'	2.7010309278350517	1.0
b'Dl-hhPCjRJM221XSwiuTbg'	3.0892857142857144	1.0
b'DoZnn9iFwXglLs8Smmvd8A'	3.311111111111111	1.0
b'Du199LbeUS-oVmld_dcq1g'	5.6911764705882355	1.0
b'DuUt446iZMHowlt9AQ5kNg'	2.4	1.0
b'Dx-Af02_QGi0dzItv4ANTg'	2.948905109489051	1.0
b'Dxh9o8B6EP3QWMKs3STXbw'	3.012987012987013	1.0
b'E4I_MLoRNwLCZ8mHr4fRpQ'	2.8974358974358974	1.0
b'E6ZQcz49HADpQh2b7GNgrw'	4.181818181818182	1.0
b'EKnbQlntPX0FsgAC94XniA'	3.018181818181818	1.0
b'ELWg-1ychqYD0XtM-2IRDA'	3.9183673469387754	1.0
b'ERjDXFk2J7RprGrOEDR0LQ'	4.897058823529412	1.0
b'EZUhUW3S8qG9kEfnkWlZxg'	2.526315789473684	1.0
b'EZrkg2mrQLGaXdsiuRnBgQ'	3.566666666666667	1.0
b'Eaxf3bmxnMljIylk_2ZW2Q'	4.1923076923076925	1.0
b'Eecewruq14ycZwV--OdOSw'	3.857142857142857	1.0
b'EfCokOBABzEFRlnvKr6-tw'	2.8421052631578947	1.0
b'EhTYPpGzs2MfDspt1nU7Hg'	5.341463414634147	1.0
b'EqJRslgHFfw3DcKMdFtaNg'	2.9318181818181817	1.0
b'F-N0K6LemPp8RTxiqup8WA'	4.0	1.0
b'FfA7BYSEc46Y3lKHOiqn4g'	5.341463414634147	1.0
b'G2ZP40c11X5ZZh1xHaJVMA'	2.793103448275862	1.0
b'G8yK38PuRB6H9c0M0gJedg'	2.6956521739130435	1.0
b'GDiSja9Y9yJSeROIeApyEg'	3.0491803278688523	1.0
b'GIbMEsayMK8nFb5OAHLJWA'	2.869047619047619	1.0
b'GPGgN0_7xFdB6gqwaMabOA'	2.6785714285714284	1.0
b'GQ9JTpWWJuN4PFRXLbKFUw'	3.4833333333333334	1.0
b'GddF9NCklDiGDk-d9xtTNg'	3.5806451612903225	1.0
b'GjI8vHV8cAsZlhBpogoUEw'	3.84375	1.0
b'GkY6UWWn0Fz2ehcuBp66pg'	6.776595744680851	1.0
b'GmNXmd_UAtG5FEnlEFfkkQ'	4.15625	1.0
b'H-GwatUcZ-lrnfWFH3S4IA'	4.038461538461538	1.0
b'H2ljOK6pDHJ-iQzHkijW0w'	3.45	1.0
b'H3k_f3eDxUfLvTInwRpM0Q'	2.871794871794872	1.0
b'H6JDm2bkdGmWVEm5K9N2pw'	2.9411764705882355	1.0
b'H97gae0HLwN876RhZ2q3Ng'	4.9411764705882355	1.0
b'HA9VtwOCvBEYqRxuJfa6Xg'	3.6625	1.0
b'HAzqPzwxiSu2-XhJkz8ntQ'	2.742857142857143	1.0
b'HG9m9eldYtnX_UeMt4Yy2w'	3.0	1.0
b'HGZh_GGToep5AMb9TikrmQ'	3.5344827586206895	1.0
b'HT_eV18wKa8WzCz8UsTVZA'	3.6451612903225805	1.0
b'HTipzqMegyxUfzlrXHvY-A'	5.7105263157894735	1.0
b'HTkY1GABYTivk-DKWyrlEw'	3.7419354838709675	1.0
b'HV25Suwkzd-roRc63sEmtA'	4.115384615384615	1.0
b'HWf16iMb2fsCDl9krQd5EA'	3.1379310344827585	1.0
b'Ha9NESQKMD_jFydpP-l-bw'	5.7317073170731705	1.0
b'HcqI_ONIaXwzYR7cxFpdUw'	3.142857142857143	1.0
b'Hk1Q874UqawFXq0XzIIBYg'	3.511627906976744	1.0
b'Hl8xRv7rV7O2eSJelGis_Q'	3.0086206896551726	1.0
b'Hm2YntlJzqP4reNZRlkCEA'	3.664	1.0
b'Hrbwae-MS_7JlS27uoigIA'	4.592592592592593	1.0
b'I-mDBT0rs1ReKpyO4t0ciA'	2.9770992366412212	1.0
b'I1pLg_ZjLMcie3g58I_GZA'	3.264705882352941	1.0
b'I8cCdp3q_5oCEykzZgPkQw'	6.684210526315789	1.0
b'I8zlwb9gynj3RSuRKmP0rA'	3.911111111111111	1.0
b'ICy-YxFn_DD86_LV0ye5cw'	6.046875	1.0
b'ID7WUBLnhkdxp8QrjsssZg'	4.920454545454546	1.0
b'IFexdgbWnmsnhfZsJwe9bw'	3.6615384615384614	1.0
b'II44-On32pZWqzfpke7zhg'	4.824561403508772	1.0
b'IOn53O75uac_cTjHkQkkJQ'	4.183673469387755	1.0
b'IRzY7yoBqoHaZNNo8WiWQQ'	5.7727272727272725	1.0
b'ITIqv6QzRV_tE-PS6Brw6A'	3.5	1.0
b'IU9tdRwepU5P8wrZ8rkWAQ'	3.4444444444444446	1.0
b'IUHv7Jm3GdCSYyz1A_7VVA'	3.115702479338843	1.0
b'IVycgW_eRmCpIfVN_eiPIA'	4.8	1.0
b'IZ33QKVggRtHdMdWoDPi6Q'	2.9285714285714284	1.0
b'IdVoDto0eqtzzH5B4bpvsA'	2.7346938775510203	1.0
b'IoUtQRoXPuDcAsfp-Q7CLQ'	3.3740458015267176	1.0
b'It6NGNfebuF5j3KrXoi-IQ'	2.5950413223140494	1.0
b'IvFdi-vp823dTAWwHMT6xQ'	4.145833333333333	1.0
b'J255D4FdBCZYEhFr3z8_kA'	4.137404580152672	1.0
b'J6x28YX3K7ErHU0uPMSfyA'	3.3333333333333335	1.0
b'J6xRU44NIJzkPq9CPGTLeA'	6.833333333333333	1.0
b'JDWhkcJHNGX-KY0bOLcodQ'	2.5	1.0
b'JEglRPwON2QUi8vlxbFlRQ'	3.031578947368421	1.0
b'JHTzeOsZse-g3xkUM20nxQ'	6.0625	1.0
b'JJys4pp5xmf3bB4E3lmxRA'	7.716666666666667	1.0
b'JMRJxV9PxIT78ticltqm9g'	4.7894736842105265	1.0
b'JNHtdEWCOreJ_S_Fj41bqQ'	3.13265306122449	1.0
b'JlH2ftC1583N5a8EIvUcMw'	4.0	1.0
b'JpyHiBZtQel1b0OuvRz_pw'	5.684210526315789	1.0
b'Ju6GKbZn1HlCyyQr8D-psg'	4.958333333333333	1.0
b'JyRBZrkZCu1gouIZHolBMA'	3.277310924369748	1.0
b'K1nwSvx14on6eVBbu5E9rA'	4.433962264150943	1.0
b'K4-J1A_ZIzG2yNkee0KOaA'	2.7818181818181817	1.0
b'K4amkYh0AkUJwBRVLNDLrw'	2.986111111111111	1.0
b'K7PNQYgHhM8rVGDl3DGsdQ'	4.875	1.0
b'KQTMXyC90UPz6vspdspbeg'	2.712962962962963	1.0
b'KRoJhHyPWORMJn1UO5kAkA'	4.781818181818182	1.0
b'KapTdGyGs7RK0c68Z6hhhg'	2.7247706422018347	1.0
b'KbjdEA6SRrjrwiFBtsD93g'	11.512820512820513	1.0
b'KbtUNrTfQqGlCFVnpk2JAg'	4.056	1.0
b'KjuvzMveMCyUqbQy3dBuBA'	4.9743589743589745	1.0
b'Ko41Hk0oKpHaWYTMigISUQ'	3.2426470588235294	1.0
b'KsaVx2E63ZMXUQfrxcp_XQ'	3.4806201550387597	1.0
b'LCvbdVqfIZkxHwWwN4uisg'	7.591836734693878	1.0
b'LDZL1lr2VqJaspKroDqZHQ'	3.25	1.0
b'LJEoHxM8wow4nSaObqXzSg'	3.5217391304347827	1.0
b'LKDGDUiDKTuo93gwF5guPA'	5.75	1.0
b'LPWMKKcGeWmJgf8t_TIcYQ'	4.969387755102041	1.0
b'LWAhvkjQZgHukgmgXto95A'	3.5	1.0
b'LdOSw3VbUZOmqup0jeU_Dw'	5.375	1.0
b'LlcElqJnuQeol36TS2EiiQ'	2.9770992366412212	1.0
b'Lv9wzkvPrVG-VdPGcw53_A'	3.090909090909091	1.0
b'Ly48L1qSRdLpCSWcs_DWIw'	3.0357142857142856	1.0
b'M-rqZ56wTGSNoIIsBSlhDA'	3.024193548387097	1.0
b'M8Pl5qAmmrODfHeX6GOjsw'	3.7	1.0
b'M8_C-be43AQsH_sEgLPFPg'	3.8536585365853657	1.0
b'MCXLDCA9F9Ui0VA9kuHlbA'	3.0441176470588234	1.0
b'MDtMV0ld7q0BsQPKNIxGrQ'	4.2	1.0
b'MLYy937DjHHtE5Cwpg3NEQ'	2.6666666666666665	1.0
b'MNIo7-VytIE7INkc83GmXg'	4.676470588235294	1.0
b'MQLnw9COMm2wOvjKI9Qn5A'	5.117647058823529	1.0
b'MSA9WlcVCjlektkeDX5keA'	3.2222222222222223	1.0
b'MVBCWXTDtU8C1Qh5mMNSKA'	3.316666666666667	1.0
b'MWffCS7UkTUj9yDMy4jaLA'	5.125	1.0
b'MZ4EEf4VtkeSJURIGgp2AQ'	7.785714285714286	1.0
b'MdS6EHt2RZFpn9fQXZc9Ig'	7.589743589743589	1.0
b'Mj453xsWDpBpCxMWkfE7Cw'	2.6666666666666665	1.0
b'MoX-OXOMuOrxikH5fwuybQ'	3.1481481481481484	1.0
b'MrLmI5f5fythtRDR3X7XKg'	3.7804878048780486	1.0
b'MwI_po3xC40QUnoak-0Wgw'	5.757575757575758	1.0
b'N8Ct3JmR0AF_41G9OOF1QQ'	2.142857142857143	1.0
b'NI_4CRkYsvPTh_FvC35F-Q'	5.0	1.0
b'NQEN9FoxUrUPWtmTjBRvcA'	3.1363636363636362	1.0
b'NQF7wgb3mHfMPzy5owzxxQ'	3.3503649635036497	1.0
b'NbaP_lZTns_GbTSkQz_KIw'	4.855769230769231	1.0
b'NdPbp-3uQKGnOpPo3s2Y8g'	5.064516129032258	1.0
b'NdpvGGF4cLrdnA6ydSZz3g'	3.198019801980198	1.0
b'Ns1BTbRzP-fH1VdAfe7A1g'	4.056603773584905	1.0
b'NuGZD3yBVqzpY1HuzT26mQ'	4.066115702479339	1.0
b'O4S3FeO_YM06AsUln5YXxA'	3.5652173913043477	1.0
b'OAtG5YWSfqR10OmhHmDBBQ'	2.6782608695652175	1.0
b'OEB6connD7XFIyvq_rjI4g'	3.393939393939394	1.0
b'OEfvfMCJyC5kRWeRQQYQMg'	3.858974358974359	1.0
b'OOBSQF72cl3jBBpLQWhyzw'	5.125	1.0
b'OR13v_9zCWGstIV_JwvFHQ'	3.3	1.0
b'OYfXGMEwcMKj_gty5e_Udg'	2.7	1.0
b'OiE0TLzbEATzIW8CbGWigA'	3.3206106870229006	1.0
b'OpHAlSbQLZEztoaRMJnuAA'	3.4571428571428573	1.0
b'OsB_ZtFAaLDCPzvlAjHQ-w'	3.4285714285714284	1.0
b'OygJyqypKFZJIZ6r9dML7w'	2.978494623655914	1.0
b'OyutYVBEA505HnCnMEaXMw'	3.3391304347826085	1.0
b'PJZWfs8RSn4A5nvJ3Wzl1g'	3.5757575757575757	1.0
b'PKtGDWdu2xcuzVzq9j6ZyQ'	3.5294117647058822	1.0
b'PPkMZMS1Ogdrm4NhyxgpFA'	2.3793103448275863	1.0
b'PS5ghm09F2km76m4sQNJAw'	4.0	1.0
b'PTPd2xamYtUCH00NqML-YA'	3.857142857142857	1.0
b'PYiCDIzavQ6XjIYaEjfLqw'	4.75	1.0
b'Pg12K0aiPMz2FpmkzxQnaA'	3.484848484848485	1.0
b'Ps-m4xYjx1dydW9EFIpi-w'	6.647058823529412	1.0
b'Q-eUzUjOwRlAXkwN8qDXXg'	3.9479166666666665	1.0
b'Q6ql-vhEfkUiry1r0XoDTA'	4.107692307692307	1.0
b'QB_KRwMlC-AtWdqWQ_Q_mA'	3.7755102040816326	1.0
b'QCaAoQkiu6qYodoFrTbHAQ'	3.0223880597014925	1.0
b'QGTqGNLZbBA1QD8L_fO9ZA'	3.4461538461538463	1.0
b'QHZw2L6LV1qmExNJbfhIsQ'	4.8474576271186445	1.0
b'QJg8AuqITB4t_iKrLI6tOw'	6.6	1.0
b'Q_BMz5zeWFWW-2OuJGZ1yg'	3.7777777777777777	1.0
b'Qayz6avNEPNS6Q5UThYHCQ'	5.730769230769231	1.0
b'QfYePNeb1_VVXHOAan5P9A'	2.8846153846153846	1.0
b'Qh28hjL2t6BMcge0B2mstA'	3.5714285714285716	1.0
b'R5lMkibJ6cJWSDSz-nniww'	3.1607142857142856	1.0
b'ROM3mR48w9Ljy0SJeBHiAw'	2.9411764705882355	1.0
b'RQ_sx6lNGVjSTtasK3wlQg'	3.772727272727273	1.0
b'RUS5xdYjwstuNkKO8honsg'	4.295454545454546	1.0
b'RYGWTRVTC4_ZrfsJwpE5VQ'	3.0285714285714285	1.0
b'RleTq9ZOSE2ymZwxtRkEtg'	2.9047619047619047	1.0
b'RnyuG8Ngt1rr3mFD3oYicw'	3.425196850393701	1.0
b'Ro-_PAzq-Rdxl5JhM3WmoA'	5.735849056603773	1.0
b'RyTKm8McePjwsL8ggEHOYA'	4.3584905660377355	1.0
b'RzmVoc_cmKiWANYC05tt7Q'	3.0606060606060606	1.0
b'SCSDDqlCT5Lfzs1T1OH9gA'	4.2	1.0
b'SEURrw7032BR15PKZ_aleA'	2.8857142857142857	1.0
b'SJtbwP4_ed2B1AvIXd-EVQ'	3.8947368421052633	1.0
b'ST0hjnNVHHwGohN2514HIw'	2.8434782608695652	1.0
b'STKP9Z3dMFj7cFtIWXtldA'	3.942857142857143	1.0
b'SbwUKzeMlSZs-mQt0lOGQw'	3.8863636363636362	1.0
b'SdUBFhIzwpN5IZfcr9jc-g'	3.3088235294117645	1.0
b'SgEw4eNGSeP96OzfXf_79w'	2.9714285714285715	1.0
b'Si_gSXVFFD8MxjtQhlIGdA'	2.8833333333333333	1.0
b'SmYGe2qXVsP8zXjhwJkNBw'	2.9523809523809526	1.0
b'SoHUx_IhzWEZH5sAsTQDYw'	3.4607843137254903	1.0
b'StRX1019jguRr9XuGX2FZQ'	3.871794871794872	1.0
b'StjoUqNzKRRuPAdMFfoVug'	3.3684210526315788	1.0
b'Szb2I5CMW-vndUF_KS8H2A'	3.8	1.0
b'T4QPQ4M8fBL8h4LjDmZ_hg'	2.8846153846153846	1.0
b'T5f2zlczcS00W70e_omQ6w'	3.4754098360655736	1.0
b'TBvxW3d96m2p6uinwaHTtg'	2.650485436893204	1.0
b'TCr7O2v9L7sH-CZbtpz0KQ'	3.2037037037037037	1.0
b'TFXI1fbhrs_kHU-jTKRYCQ'	3.1076923076923078	1.0
b'TITY-kzuk2hLumFrPnVlgA'	4.102564102564102	1.0
b'TMEtXIh1PXsIryjTOmZWPQ'	3.7857142857142856	1.0
b'TPdaLEGufV5JnONni8u9fw'	3.1076923076923078	1.0
b'TQSHiH6KSCd2TDYEDTYRMA'	3.7948717948717947	1.0
b'TV0RuDOX4PwI3oOQ5FJ9cA'	3.25	1.0
b'TVqlHgjFdd9vuYZLbu9S9Q'	6.055555555555555	1.0
b'TZOiMROeIalOC_3Atb8a8A'	5.142857142857143	1.0
b'T_twaySigcc-YTdSAdmzVQ'	4.2727272727272725	1.0
b'TbjAR4JMgBuPXiMUKsO9RQ'	2.892857142857143	1.0
b'Te1AgNKoqHaO5Gesn-oAlA'	3.0588235294117645	1.0
b'TetRSApdg8YUcQ-WvDyU8g'	3.172727272727273	1.0
b'Tf1zl5szY-u8C3J0AcygDQ'	6.0	1.0
b'TnPNs12weH1gxBHOThVqfw'	3.2	1.0
b'TqZk5nsqYBOa62XYQ7bXvQ'	4.083333333333333	1.0
b'TvHC_I01Ilvd5_fFi4sqIg'	3.654320987654321	1.0
b'Ty7IyZN721l6VvBfc_zRVQ'	3.375	1.0
b'U02TVsrHqwTrbvyjDuNaRA'	3.4065040650406506	1.0
b'U4iTt02LLOg-zR5p0a0THQ'	2.6666666666666665	1.0
b'U5DRVX1usSJzGFCM2-ZdKw'	4.089743589743589	1.0
b'U5dh8ojrtLAqe9zSKmGkjA'	3.8333333333333335	1.0
b'U5rfxvnZUupaWT_SgIV79g'	3.463235294117647	1.0
b'UDZMTxC_5wa_kdh0gbG-cQ'	4.889705882352941	1.0
b'URk3CDgSM42E2PWPKKFhWA'	3.4193548387096775	1.0
b'UX1pAKQtRHX5fejaWbIy6Q'	2.7529411764705882	1.0
b'UePWfaUMDNrcL4oreTtiSQ'	3.0	1.0
b'Ugkr2hV3J6sXdpF48G42yg'	3.289473684210526	1.0
b'UkWme3kwg6L9rd4tCNB15w'	5.973913043478261	1.0
b'UnWWyBzpo6L1tT3_5mUqZQ'	3.0303030303030303	1.0
b'UpXigk3SzQR9v4xct_xEVQ'	5.761904761904762	1.0
b'VC-S7T5aSOP9HTKu_TNHKA'	2.8636363636363638	1.0
b'VFkOmTy0o1OPuO5OfRjNEg'	3.4285714285714284	1.0
b'VGZ_MJ7P3vSQMYyQf-mNjw'	3.5	1.0
b'VJaHTx4eZtWNpDrAbGzR4A'	3.2564102564102564	1.0
b'VRYeIWCo4JPpEG6-Hm9RKA'	4.857142857142857	1.0
b'VU5btOpyINHmCfGajZJe0Q'	3.858974358974359	1.0
b'VVUL1lzBOipXJlOG1wURMg'	3.0588235294117645	1.0
b'VW33YWpe_zPGDEHN0cNQfQ'	5.647619047619048	1.0
b'V_fa8HiyVDebFLbym--npQ'	3.0757575757575757	1.0
b'Vi5TwzEsoo_gaG1cvc1zdw'	2.7010309278350517	1.0
b'Vji_YCoJBoDTPkKy_Dmq7g'	6.6239316239316235	1.0
b'VkNdl9wMvsz4xFu7bqQrGg'	3.0606060606060606	1.0
b'VqZG8rMYPKa5Cr5yi3AR_w'	2.6315789473684212	1.0
b'VsAx_YduvuobBKl2Ep8mhw'	3.227272727272727	1.0
b'Vu_BoGOSL70odzqCBr_vIg'	3.2903225806451615	1.0
b'Vzx5hH_qZ9Uf2O7COjdfFg'	2.9857142857142858	1.0
b'W0Ouw8EAczv9C1nS4ENwFQ'	2.8421052631578947	1.0
b'W0ei3b-a5hhHyh6C1yRcqQ'	5.0	1.0
b'W1pj7OeYz5oF42vACSoxmA'	3.2941176470588234	1.0
b'WF0I9AwErfaqkPPXM98ywQ'	5.583333333333333	1.0
b'WFLl7zdzeLj6S37Hc_6lKg'	2.8173076923076925	1.0
b'WM7Ckyt1oh2LaQPdkYhMwg'	2.8157894736842106	1.0
b'WNiQtCdlo7pEb8PnYqKxmQ'	2.4488188976377954	1.0
b'WTuBrN0z2h7xvTaP7eN_XA'	3.24	1.0
b'W_nU2qtu1AEDDCgkCo0gJg'	2.4464285714285716	1.0
b'WaPPcti0ZoGTDQzQqsYDfQ'	3.1923076923076925	1.0
b'WiLKkmQu_dlTaAxEObG7lg'	3.588235294117647	1.0
b'Wqa1JjkSuviehZ7OedhPeA'	2.727272727272727	1.0
b'XAKZ6ADzAvK_IaFojW4wpA'	3.4411764705882355	1.0
b'XBRMRpb9aqCLRLBPbI2n4g'	4.235294117647059	1.0
b'XCxxPZ3Lu5mwmIo7IQRf1g'	4.016949152542373	1.0
b'XGX5LW0s-OpjmOpVXXYshg'	3.1666666666666665	1.0
b'XNVUXM8xY-slNbcPAr-w8Q'	2.9615384615384617	1.0
b'XQjcN_irExWzMmglH6Nc9Q'	4.6	1.0
b'XSGSWu7Q4_IiJ_Zzsi-atw'	2.857142857142857	1.0
b'XZPaPZUk-WSTPvN20svsCg'	3.2222222222222223	1.0
b'Xk0H_s_DNo9bsmHFAXjNqA'	2.6285714285714286	1.0
b'XlZ2Row0pszDilc5WmXiZQ'	5.768595041322314	1.0
b'XlqnI6vcZUJ2tRFwjYKzcg'	3.1634615384615383	1.0
b'XuZ9pksVQBIpmVQm6UO2YQ'	3.1739130434782608	1.0
b'Y1wzvTTI_rSAJOF1224LCQ'	3.1354166666666665	1.0
b'Y2jzZLuaLZXby00Nv_BtGQ'	3.2416666666666667	1.0
b'Y3nnWbotYR0hyQPMjXcyvQ'	2.8623853211009176	1.0
b'Y7p6zjpZL6wKRWLZTzxu3A'	4.515151515151516	1.0
b'YAgoRzc92vC3cHc-RrlSSA'	3.2635658914728682	1.0
b'YDRnoQr8UyxPEXi-5ZrVJg'	3.3157894736842106	1.0
b'YEHWvvwcunakP4CyteM82A'	2.863157894736842	1.0
b'YFvnkR2XXeU6Qz9dY4ZaEw'	2.761904761904762	1.0
b'YGU2RnqsJO7Izs1GLDhMLQ'	2.644230769230769	1.0
b'YNjW13ls0enqM2Lep2cCsQ'	4.804878048780488	1.0
b'YNpwfdqBeP6j8aFrJp2sQw'	4.763636363636364	1.0
b'YdYaBff_a50rNEI8tXTp9g'	6.0	1.0
b'YfeTH4jtz_gpWz0QRYJFnQ'	4.746153846153846	1.0
b'YwDZUnYeWyNFgBelSdE-Fw'	4.107692307692307	1.0
b'Z4GRRhxLpHqXiiHeV99ARQ'	4.932835820895522	1.0
b'ZBSVDaDTI-WQsYzGxrq7ag'	3.673469387755102	1.0
b'ZDPlCSHN2hdJSFVXFkaL7w'	4.071428571428571	1.0
b'ZMCxAECs6KOhpcWpt8HBiw'	2.878260869565217	1.0
b'ZOAid_xX3q85wAkBWtFDPg'	2.623762376237624	1.0
b'ZS4aj6VUb7A-pIJdYfL9-A'	5.36734693877551	1.0
b'ZUd2Bx-fidHVCf_WzJHY1Q'	4.294117647058823	1.0
b'ZeEKKLja4xeGuy2nApMpsw'	3.689655172413793	1.0
b'ZlxJI_JSDJTUC-1atHRZWQ'	3.466666666666667	1.0
b'ZqTXN4qh0Ta1Lp8Z3v-dKg'	4.776923076923077	1.0
b'_72dMXdWbVAgwB-Bxwz-mw'	2.5346534653465347	1.0
b'_GxIYv74MyV0pEZ28ZHSlQ'	5.142857142857143	1.0
b'_ONkRPvpIYdCuj9u6cIPeA'	3.1153846153846154	1.0
b'_Oz6jTG9hZf0yGnBBmcUGw'	3.223076923076923	1.0
b'_PKXarw3GjlbwbXhjdpUMA'	2.5714285714285716	1.0
b'_VPprqqmGb276dJfwPDLaw'	4.884615384615385	1.0
b'_W_qYeOmM52rg-g5XbCaLg'	4.391752577319588	1.0
b'_YoPC6DmYegxbPiKIoAKoA'	3.3333333333333335	1.0
b'_Z3uT_S66jD9Pr9jFVEZmw'	6.5	1.0
b'_itQAuwxJQx4zwRp1Qc31Q'	4.110294117647059	1.0
b'_jT1b-OdicvJ9LyKj_M1Ww'	5.959183673469388	1.0
b'_oFeTg8lIbmH1cVTt0x-rw'	3.2941176470588234	1.0
b'_vVV9WMEQa7G2dutQgmhJw'	3.128205128205128	1.0
b'_xavJB9Uia1CsPDlGFw5Qg'	2.688073394495413	1.0
b'_zHnHfNhURaDJiZdBb0-iQ'	7.672131147540983	1.0
b'a0epECkZLIs5TkKtDNuyAg'	3.3529411764705883	1.0
b'a60ZJVSe893i_Gl-ym_SIA'	3.5047619047619047	1.0
b'a7-LY8FhQovF-_6w-mHClQ'	2.946969696969697	1.0
b'aE_InMCFg_6htbySiMd75Q'	3.7804878048780486	1.0
b'aKoDe5WZ-dgo6gD76kgNxQ'	2.9857142857142858	1.0
b'aR0dWZeGyDjVpgJfBqYdpQ'	2.6732673267326734	1.0
b'aShNnWaEy8QfXpgRAMFfjQ'	3.7142857142857144	1.0
b'aWndhjjBzYgk5OOYflbK4A'	3.95	1.0
b'aa0uz1y1-ziTOveuE34HTw'	5.8	1.0
b'adaYhaXJR2TeU7UGZbJ6tQ'	2.541284403669725	1.0
b'ae95XSsD37OQfOWF92GjNQ'	5.622950819672131	1.0
b'akt3IzE5eVTyNJY9RKarJw'	2.5217391304347827	1.0
b'anhLhbtprJ2QkjRxmLRqsw'	3.08974358974359	1.0
b'asLLCsmEx3PNZo1Xa83ppg'	3.225806451612903	1.0
b'ax4ztJvW28xgGvI0OPqGcQ'	2.5545454545454547	1.0
b'b-eShxKvQVUyBpUGKcc7VA'	5.020408163265306	1.0
b'b1fiN3A2fmsuQzNvIRtiPQ'	4.620967741935484	1.0
b'b2mVQLlc_beZP-Iop8JgFg'	4.658536585365853	1.0
b'b4_KfL99W0Hv_5HhRJbPdg'	3.225806451612903	1.0
b'b8buqCiXOQUrPcye8W0YEg'	2.2151898734177213	1.0
b'bNQVXqWpsToBDcJg_4aWYA'	4.767857142857143	1.0
b'bNqBMZ00lnhhfxzV8OhLfQ'	2.9682539682539684	1.0
b'bPLyOh-ul8azUSgZmyR2vg'	3.111111111111111	1.0
b'bR_fM_J6CHT_iOV75GS7vw'	6.397435897435898	1.0
b'bbs_Kv-f_1QnkJ0jErguDA'	2.717948717948718	1.0
b'belFmmu7TtTX1vcX9VGQCg'	2.6794871794871793	1.0
b'bnhwQZPmTghs8fynQtQiVQ'	3.5166666666666666	1.0
b'bpXjVgy_XkTnySLMlvSg5w'	2.9285714285714284	1.0
b'cAni154peOBRMsgVFLVnCg'	2.88659793814433	1.0
b'cBpQ24_CQxZq2F3GRp35zQ'	2.9714285714285715	1.0
b'cFoVNSXvCtqRXkQyEXfx-w'	3.269230769230769	1.0
b'cKG42eNhcACwgXcqAyhjRg'	4.106060606060606	1.0
b'cWZl0jdkJI8O7XBRIWPOPw'	2.613861386138614	1.0
b'cc-u2OVJOMYQQKJEaAkcpQ'	2.8421052631578947	1.0
b'co5IBdTsoNWCRch-UzmXCg'	5.8604651162790695	1.0
b'cqUky5KFtMlqKaAUYiOnLA'	3.5555555555555554	1.0
b'd7ZqJlSbyZHETKzj9XhJAg'	3.9857142857142858	1.0
b'dAhhbaNVeEjiE1z5PGSxaQ'	4.181818181818182	1.0
b'dC60NKVSKNMaymlp_5wuyw'	5.102564102564102	1.0
b'dHWUfXcWVfO4NeV7r7dq0Q'	2.8552631578947367	1.0
b'dPVCSAu8xVIDXD-C3s6c5Q'	2.688073394495413	1.0
b'd_ROFxj7n27aJb6CxJesAg'	3.1923076923076925	1.0
b'dgIrIkCBiHtAHZ86_-awFQ'	2.6956521739130435	1.0
b'dnL3yOplcB8x7-aVOpWD_Q'	4.4	1.0
b'dnNjNkcYSjFudOLcOFkxlg'	3.2941176470588234	1.0
b'dumO6I2X9g6dv_70NDWkmw'	2.7884615384615383	1.0
b'dwIu9LOUccHNe2nSpG1M3g'	4.113207547169812	1.0
b'dwgeEOAcPuR-GhpMBaJmjA'	3.5	1.0
b'e3D-zDL66uIaTFOdjJv8SQ'	4.083333333333333	1.0
b'e4BSPTPc5DLjvdJY18EaVA'	2.658119658119658	1.0
b'eOvNqnu9CZDCHe26sqj7bw'	2.8823529411764706	1.0
b'ea3kF5zspg4eNmxSbZixsA'	2.6923076923076925	1.0
b'eetlD3KXlb8cTwgrQVfquw'	6.758064516129032	1.0
b'eh9e2wfsXNRa4BgVSXUu7g'	3.9166666666666665	1.0
b'erRdoBvb4ywWky3KMjtVdg'	2.5258620689655173	1.0
b'euPZCtrFKTRWYsd8qJVkRA'	2.923076923076923	1.0
b'f1ekudjT4wtVZBcI_GIcFA'	4.1923076923076925	1.0
b'f1iTkj320DVn4TyWcvsUjA'	2.8684210526315788	1.0
b'f3gE6ZZFd7jRBjTVgt-mAg'	6.076923076923077	1.0
b'f5xm2RiwLv0gbmXU4BkrGA'	3.055045871559633	1.0
b'f8R1qFYugdhQRR-ym8SUxg'	2.389830508474576	1.0
b'f9OqUyBsY4wCfsnrcIj_Xw'	2.625	1.0
b'fMt-wU8Topyja7u9qPJaqQ'	3.2615384615384615	1.0
b'fRNxnRKvoruMZzsQ8Ey1nw'	2.690909090909091	1.0
b'fTkbO_-v88Ldn_cJwxHYQQ'	10.5	1.0
b'fh-hCT2esNJEocdBdggWoQ'	2.9859154929577465	1.0
b'fnLiPkJL0ur4-pS99bgqGA'	3.789473684210526	1.0
b'fp24IseF5LGD1Iev7d0PVA'	3.386138613861386	1.0
b'fpuyZ31OpX11UlJGFWKoNw'	3.8	1.0
b'fzHBvd0HZm1yB3UIMqZ3bA'	5.7153846153846155	1.0
b'g-nzfTvso3-4c4gkhkmGbQ'	3.4482758620689653	1.0
b'gCr_bfJG-c8Al3UADWBClg'	5.6571428571428575	1.0
b'gIVjdDWRnS1yDVpPF3oUeg'	4.930232558139535	1.0
b'gN9HmM5Ga0C_pYASHrYWMQ'	3.1392405063291138	1.0
b'gdAzvrNVrVClYMONc__SvQ'	2.8823529411764706	1.0
b'gh0mBl_SBZ6kX9mYMq-R5g'	3.0847457627118646	1.0
b'gnkyosoOepBUqog7iDdggQ'	2.9913793103448274	1.0
b'gpn9-HR48SA4iS1PqF4bIw'	4.217391304347826	1.0
b'hC347DqIh44f_lk8AGGmgA'	4.024390243902439	1.0
b'hDO8bWV_Ua8NxtfpStuuZg'	6.843478260869565	1.0
b'hHYG2qoMId-y-HRkwNHoWQ'	2.9008264462809916	1.0
b'hPTx2Y5e4Czbr21XcbDN8g'	3.340909090909091	1.0
b'hVcLF8DLi3BUMDH5lwDVFQ'	4.463414634146342	1.0
b'he_aQrSoqOUTBVEe8yPkQw'	3.4516129032258065	1.0
b'hfeu3UZ-OrCgf5mp6RBjvA'	2.9545454545454546	1.0
b'hhodrH4h3lNTATfKvm_Ocg'	4.333333333333333	1.0
b'hlwTMF6p-iCZKY89YcBTXg'	2.9693877551020407	1.0
b'htQgj-ANQpZGpIpkkrEmyQ'	6.877551020408164	1.0
b'i-NdezhBkAP2zoZGwwariw'	3.4571428571428573	1.0
b'i5KUubey8dD1M8hj6Srj_g'	2.9761904761904763	1.0
b'i5VbbQTbymMPMtktQklYsA'	3.8333333333333335	1.0
b'iRr1dmdbRAqrFg9aX8dkUw'	6.083333333333333	1.0
b'iZtv9s9lBA6DviQ2Mbm-SA'	3.5185185185185186	1.0
b'i_t_UJTSScw4srpb8aHUiw'	3.0434782608695654	1.0
b'ibPjt-h9NC7OEzpj7IL83Q'	3.9827586206896552	1.0
b'ihk6lWFPuVi___DSucNelQ'	2.8974358974358974	1.0
b'irCBE0vRZ9oQZ26qMR-5HA'	3.1951219512195124	1.0
b'ivHtwEweB5TtnupGXriTOQ'	3.843137254901961	1.0
b'j1QfFrTE22PAak7rzD8OoQ'	3.963302752293578	1.0
b'j1fyIuQwrJWHJwR38UMysQ'	5.729508196721311	1.0
b'j5csuLCDZOVoWhhjT9Yo8w'	2.806451612903226	1.0
b'jNiZgCwZj4CNw1noxiC8PQ'	3.857142857142857	1.0
b'jTEiG6zrL3WXfJhj-T9k1w'	2.8421052631578947	1.0
b'jWrnT-VNIsTKjHCTyj2hdw'	3.0526315789473686	1.0
b'jX6Gzr6WdoPxiRLKDfcVrQ'	3.057142857142857	1.0
b'jdyM1DAiA7EzuYz1WDhjeA'	3.4516129032258065	1.0
b'jfdUtdkXogP2kjK5KTdc8g'	6.801470588235294	1.0
b'js0ZzxVEDAkTdczCMT1emw'	4.81203007518797	1.0
b'jtC1InrFV8gK2NRSCto05Q'	3.2222222222222223	1.0
b'k-zr3rReFvYWz8vNyDpJMA'	3.8857142857142857	1.0
b'kE7BXayByJplaUZ_0r7QSA'	5.0	1.0
b'kE9nB1Ym3ZMTU-BE5sZGUQ'	4.190476190476191	1.0
b'kExyUZCLPoqwtrKOorQSZw'	2.9444444444444446	1.0
b'kJL5YIQJJCp03RtLQvbf0A'	5.782608695652174	1.0
b'kNZJMnTNXj42EfUGX3eRcw'	7.571428571428571	1.0
b'kRIPB7GPTHRj3cktAKAgsA'	4.634146341463414	1.0
b'kSp9lWgQJrE9nsX7OS-x8w'	4.213675213675214	1.0
b'kX5oJ5flS_QWcx3YaWQktQ'	3.3484848484848486	1.0
b'kXdHyRxXF1yxkEG6GTQ4CA'	3.288135593220339	1.0
b'kYNlCSoJOVgAeu3QqS9ayw'	2.8846153846153846	1.0
b'kchDx0ej68wjE31J4_jFbQ'	3.8541666666666665	1.0
b'kqBvmhAupwNTZcGhxqL2CA'	4.054545454545455	1.0
b'kzMj-vVZTGewPCZnnzIlJA'	2.613861386138614	1.0
b'l9RbdvFj3d5SPtyKfobyVA'	3.7777777777777777	1.0
b'l9vx-OTdDPU-oHZ17aVxdg'	3.2941176470588234	1.0
b'lDbqs6yNGC5gRtbvvP9amw'	3.47	1.0
b'lDukJgkL2acR_yPDkvnwjw'	2.9047619047619047	1.0
b'lTIt-3zKyluCPFwdu78JSA'	2.8823529411764706	1.0
b'lX553YVMOt46NAaQyhNf7w'	7.639344262295082	1.0
b'lYP2k_0RjFAHXoVGnMna1g'	3.217391304347826	1.0
b'lh9ZqHBodHoHkRZzshaXlg'	2.727272727272727	1.0
b'lrm8hNDtwd5Wd0tVjOgCyw'	3.129032258064516	1.0
b'lsopUiYOltljpfYcPq9Sbg'	5.0	1.0
b'lsqO3nJh11JPIcjwvu4YoQ'	3.1709401709401708	1.0
b'lu6IAy3HQaQytbKIAPh2EA'	4.390243902439025	1.0
b'lv3h7WwuxPyJNLTeWeL5LQ'	3.2432432432432434	1.0
b'm03KaikWJrdeQ1URZPG4dA'	4.285714285714286	1.0
b'm2OL7kEeI8O7yfZuzLLPxg'	3.9838709677419355	1.0
b'm2aDEL1d5lLf-v1UNvXc9Q'	4.548387096774194	1.0
b'm5TwCxoYp-JcDsbepb7few'	4.938775510204081	1.0
b'mCi6_rVAYZUqJQeMXNRlJw'	4.176470588235294	1.0
b'mDtkfwIp-GQKAwVfqIGVbA'	4.161290322580645	1.0
b'mJmsppNPPupwDzJ9QRvoNQ'	2.5934959349593494	1.0
b'mPKgBVRNkdeZ2-SaXi6uKA'	4.223076923076923	1.0
b'mVtV6vSMMMxLk_zIWYWG0A'	2.448	1.0
b'miUmZ27vC-gHoyEmUQMYuQ'	4.357142857142857	1.0
b'mljVLg3inB8h2L6wKC-szQ'	3.239669421487603	1.0
b'mmVBy53hWnbQQVT_QRXSmA'	8.761904761904763	1.0
b'mnJ0WX9qTS9CxZWFioaFMQ'	6.666666666666667	1.0
b'moZAQFO776KIBe38WjiTJw'	5.7727272727272725	1.0
b'mspZuHQ8rVXpyVMqQIKw_A'	3.9295774647887325	1.0
b'mwTFXgCTO58Rk6KTorV2sA'	3.7045454545454546	1.0
b'n0JifoI1yWxaBiv7VLRc4Q'	4.216666666666667	1.0
b'nDfKGbSGIsPv-q0-s-GrVQ'	3.6037735849056602	1.0
b'nJ71XaqT27UzIIzSQDHqOw'	3.0	1.0
b'nOykFBuMLOuw3ZB2WTk50g'	3.9873417721518987	1.0
b'naYlngFbak0alEsjlFP4pQ'	2.9008264462809916	1.0
b'nghPxiuQQW2tUdE4R0ytww'	2.3739837398373984	1.0
b'niywGbCHhVV4V7-lLbCrXg'	2.9074074074074074	1.0
b'nt4V7wbnqEL7omkH5LXeFQ'	2.2589285714285716	1.0
b'nyLHFPxEoMfzrs3g7hAsVg'	5.261904761904762	1.0
b'o1bF2ZBMw8Vep67NlECmxA'	2.619047619047619	1.0
b'oDBz4UnpaAVkBFGEAUaQPA'	4.884615384615385	1.0
b'oEXk0ygEurbAiodWP6BmfA'	2.8076923076923075	1.0
b'oJYqV8s_Y5y_mNC-38KELA'	2.908333333333333	1.0
b'oLS0qczitIoiYSpfKOZ3jQ'	2.9473684210526314	1.0
b'oLTPdss2n5ug4B-RvNbTSQ'	4.138888888888889	1.0
b'o_TPuqXuH-O_FbEkFNACUA'	3.3714285714285714	1.0
b'orjS8GtlcTRTod-y6cHwgA'	5.044776119402985	1.0
b'osvcl7Fh_J5VwUikh5Vskg'	3.1538461538461537	1.0
b'p1qikz--GQonzyIyIsgssg'	2.8607594936708862	1.0
b'p3RUmQhsTjErcorfD6zunA'	3.328125	1.0
b'pAQwza9U8OLY65Q73pAnxQ'	2.874015748031496	1.0
b'pC-yxosWB_wg-acCjjsKhw'	3.057142857142857	1.0
b'pDMxIQoqkZJeUe2r8XIVKQ'	3.2222222222222223	1.0
b'pKEN0m5B6BNMJRX5ax10BQ'	3.9375	1.0
b'pOvTYClFgMm-wAXPW1CnhQ'	2.967741935483871	1.0
b'pP36B7aQh39jwBzHBs40ww'	2.6535433070866143	1.0
b'pQUjQZgOzUX-KUXYHZKpng'	6.714285714285714	1.0
b'pROG1SLxBsWlrmyeOoA0-A'	3.4705882352941178	1.0
b'pw09B1aBMNi7eYQnSR0UiA'	4.24	1.0
b'pym03Nj6-X1Of3xa9mfPWg'	3.5283018867924527	1.0
b'q1IxHtEyuYLk7hNnMPOm6g'	3.9393939393939394	1.0
b'q4QuS-MaVSXbIFkUZlxZ9g'	3.125	1.0
b'qEe0mdIax3pz3DH4RPj3sQ'	2.9545454545454546	1.0
b'qF84n4A5j1oj65I6kQsEJw'	3.066666666666667	1.0
b'qGC_GE-1fnjVvfzpu_Lbkw'	6.706896551724138	1.0
b'qNnd-4bG1hm2NFMaOHj1kg'	5.7974683544303796	1.0
b'qOuoI7hvzBAzF1Y43J7yKQ'	3.8333333333333335	1.0
b'q_KQbgnaYDlPx8EHTydcBQ'	8.478632478632479	1.0
b'qfa4p28aOu9-VQ30mwQzUQ'	3.141025641025641	1.0
b'qiZ7t01x0xqqB0RIvO3yuQ'	3.328125	1.0
b'qwlsGR-pJb6xMWJBqiNIQw'	6.628571428571429	1.0
b'qyLjLT8WqUQWRyUKeSxu8g'	5.785714285714286	1.0
b'r1SfvWKoRQcoMoGy9ou-JA'	2.946969696969697	1.0
b'r6Qth5yqlCVJMQtThylXfw'	4.2272727272727275	1.0
b'rEa4g6c2EJr2UvZe0hVegQ'	4.0	1.0
b'rMT1Dc2IMjihHz-gDBIHBQ'	4.114754098360656	1.0
b'rTJDssEcvPnq5jjGzKLTlQ'	3.234042553191489	1.0
b'rXJyCT9XqWD431B1lp4Thg'	3.0442477876106193	1.0
b'rXVLgV4Og3l98OTy6N2dJw'	2.613861386138614	1.0
b'rkTFLIt_Z1bYMIuXfSyAqg'	3.3333333333333335	1.0
b'rmOZm59ahqMJlfGhNg0thw'	3.121212121212121	1.0
b'rsKfxeIuEFqFVA5gj87_og'	2.5	1.0
b'rtYKSdUHpQO2Nyqy1-uAsQ'	4.127272727272727	1.0
b's38vKr-DGXMXuTkUic2qoA'	7.752577319587629	1.0
b's4vsTPW-JfSuwGBL8VAzUw'	2.6271186440677967	1.0
b's68jDt3gdVMTG5AfSiSLTQ'	5.846938775510204	1.0
b'sDQDMrb5xez4aASZ8U5qTg'	3.628205128205128	1.0
b'sTPdrChccIZ-37G9CNUvSQ'	3.7244094488188977	1.0
b'sVEE_Mp3EbWW1UIhfActVA'	7.609756097560975	1.0
b'sZ1v8adjdMVq7En88x6wtQ'	3.4521739130434783	1.0
b'sePTDv1dGHPID7kwuNzXaA'	2.8987341772151898	1.0
b'selkC1dzd9aZusu8lE4yNQ'	3.3870967741935485	1.0
b'sk_ukei0s48FBIirQLpXfw'	3.046153846153846	1.0
b'spDZkD6cp0JUUm6ghIWHzA'	2.5833333333333335	1.0
b'syRPwPqdV6h3eenuV1d6rg'	3.0916030534351147	1.0
b't7wcfSi4yOLXGW6FBq0W8Q'	4.0	1.0
b'tCYknqUdD-4TnEn8RtxBjw'	3.090909090909091	1.0
b'tH_ObhULoHCb1n08pbHgHQ'	2.721311475409836	1.0
b'tJ3Y8chfwruslf5TTNuTNw'	3.223076923076923	1.0
b'tNJBD6CleWS821Y024GTqw'	3.8863636363636362	1.0
b'tOsvHZpxmyIK4Ngk8FaLJg'	3.8333333333333335	1.0
b'tQ9BtMUHFr8rdpmjmayUcA'	7.583333333333333	1.0
b'tQH_DyUIWYOHMD7CYg6-jQ'	4.261904761904762	1.0
b'tTC2xUWC5UOqh_zuIEAYcg'	2.8620689655172415	1.0
b'tUxOHYVW6e1l2frBQ7pAtA'	2.6982758620689653	1.0
b'tZzWHN84ifO5T7aiLFzLAw'	4.135338345864661	1.0
b'tc00Tp6qahI1vH1ZjQ2XLw'	3.4	1.0
b'tm2sScuCKHnzpDvXdDQ7BA'	5.83	1.0
b'tnGlFBxlYnYS8JyXrBWyLA'	2.948717948717949	1.0
b'toHDiu9Jk856aBx4jgsU4g'	4.0	1.0
b'txAKid34IUd9spo6MLF_Sw'	3.0697674418604652	1.0
b'u23C6gXl83XN7rzCTwtFWA'	3.75	1.0
b'uAPGFNU16g4A2FjDLok4Iw'	2.8684210526315788	1.0
b'uD5sNIRgl1MKUKtydL9kkA'	2.532258064516129	1.0
b'uFKQkN2MI1VfcW7tG7uL5g'	3.377049180327869	1.0
b'uFiGYsAWSLpmVIMgDgN9mA'	2.5	1.0
b'uP2-0N59oW5lggIyvdfWkQ'	2.7037037037037037	1.0
b'uVxoH84VOroNq9tR3d_48A'	2.8372093023255816	1.0
b'udieC6Fa-XMlZhGTTF_RPQ'	3.4	1.0
b'un0IeQuLvXoftV9IQ_V5Nw'	3.1166666666666667	1.0
b'uvWcsnk8cnSzQg9_SQaFsA'	3.4444444444444446	1.0
b'uwlQWhtrqm8k7CZwrNtRsg'	4.7272727272727275	1.0
b'v0QLhufExBeb-DoSteAaww'	4.142857142857143	1.0
b'v95ot_TNwTk1iJ5n56dR0g'	2.9895833333333335	1.0
b'v9D2W4ahqX98jTsXsqPYXw'	4.833333333333333	1.0
b'vBIugbXbkxNb5tCtck1tSg'	2.6923076923076925	1.0
b'vFYvsI5KK_XGWCifg8LvCQ'	3.1323529411764706	1.0
b'vGpRVpq_UzXNw2UiHP_1Og'	3.7804878048780486	1.0
b'vGxrs041ENPaRWH435C2MA'	5.830188679245283	1.0
b'vTlIUtYXdPxCk6UB746w8w'	8.46551724137931	1.0
b'vTuLwoEpZF6Rxnj2O1Pq5w'	3.4615384615384617	1.0
b'vUqIE5La92aMJrY8kGgwsw'	4.128205128205129	1.0
b've4v2ewMRPBmFVF5Nhno-w'	4.625	1.0
b'vfjPOe9bzErPTq3OLMXLfg'	2.8793103448275863	1.0
b'vfxgy-NJlpd6mrMTZTMSBg'	3.774193548387097	1.0
b'vokkwUsJoKk8PamOSs-JKA'	5.113636363636363	1.0
b'vw4n8QbM0600MNsyauulHw'	3.8450704225352115	1.0
b'wP8yCVWN2sC5_fYMMVvpDg'	4.696969696969697	1.0
b'wR71mnXAJMVmgMBrHevndQ'	3.3208955223880596	1.0
b'wRwEAAXKW6wsD6s2wBjFKQ'	2.6666666666666665	1.0
b'wfCNNMkeJcpWr9jj1hcdAA'	3.962962962962963	1.0
b'woeN9aLmohpUYu4NSn7IDg'	3.3333333333333335	1.0
b'wvCDmaEIFTCruexTLn3jXA'	5.024793388429752	1.0
b'wxROV-EDUPJ71nnAlxRA0Q'	3.7567567567567566	1.0
b'x689C95HU7UPfPXNL4txKQ'	3.2857142857142856	1.0
b'xI4IId1ZXfSflFvfbAtTVQ'	3.161290322580645	1.0
b'xLhO9n3lE23RCSoo_7d21w'	3.7142857142857144	1.0
b'xaqW4NkmUCGRRjmLxiFJ6Q'	8.125	1.0
b'xeSE3ct_V9U3_ibcrpb3_g'	4.885057471264368	1.0
b'xeo2II3qgZ0MjwnmEjCK7A'	4.242857142857143	1.0
b'xiCJPHeXVaxAW4ZEt-Y0mg'	3.1	1.0
b'xjn4s7PzMw-OrxLSXdc7KA'	3.0416666666666665	1.0
b'xrFL7DL5SisPMWDarg52pA'	4.188524590163935	1.0
b'xsx1UD5hw4XnS4x_QKcWrw'	3.3684210526315788	1.0
b'xtdvq7ILYR99zj5VRIzDcA'	2.9285714285714284	1.0
b'y1uN3Tj97O9u2xCVhJuaLw'	5.757352941176471	1.0
b'y5OFXka4tt7zHQB6KkFYjQ'	2.5258620689655173	1.0
b'y6HUE8dzHU-PWZ1mkVfSnA'	3.0454545454545454	1.0
b'y76Gvmb75VdhOoxWIvUSzg'	3.9767441860465116	1.0
b'yHIm8z6U4MAVRurRb8BuyQ'	2.712871287128713	1.0
b'yIE9RYGHEk8A9RxrSVgbdQ'	3.5901639344262297	1.0
b'yJ5rA9U6nmSEUV8_j_jYHw'	5.7153846153846155	1.0
b'yU5IGuiwQq9QeIHF8M75WQ'	5.666666666666667	1.0
b'y__uQsz_5q-3yXKeMRFU9Q'	4.162162162162162	1.0
b'ybKhwymik8zofQTJnhGifw'	3.1323529411764706	1.0
b'ycOoopjieoy3nxq0iRP8hQ'	4.983050847457627	1.0
b'yefjEAyoNfHj43tz_5hhHQ'	3.1153846153846154	1.0
b'yehWNKDC0fXA6-nNogVTaQ'	2.935483870967742	1.0
b'yiVv6EtyjrIJ34BgB_O4vA'	5.532110091743119	1.0
b'ywczsfJ5mTSIAL2PnIAKog'	3.9770992366412212	1.0
b'z5V7wTtLB2QYCUWlB4rNLQ'	2.6695652173913045	1.0
b'zBd5JvFWuMGlnCYLaGsXZg'	5.0	1.0
b'zCiQ61Z2Gra8TKM65qJueA'	5.0	1.0
b'zEp0CsZSd4tDuA1AezfPvw'	3.329113924050633	1.0
b'zLPs4wSjtfZxVy3WByt00g'	4.966666666666667	1.0
b'zdqvzYtIZYMCRAQRNfcKIw'	5.708333333333333	1.0
b'zg7otDgxE3P0CPTzS_C9cw'	3.0	1.0
b'zhE9euD7t-RlXmWk50rCxQ'	3.6538461538461537	1.0
b'zicAwxhq82xVIPgbRIsmNg'	4.8	1.0
b'zkU-WMio8g6dpRJ2Y2xqvQ'	3.0350877192982457	1.0
b'zs710LuQ8y10YsQHIjxjyw'	2.8421052631578947	1.0
b'zutMSVmRLPjEbeF8aFtSnQ'	7.595238095238095	1.0
b'zxy7kNPVHsqmKKn7fmGnQA'	3.152173913043478	1.0
