b'-5DifC-lAFioAD_DLVgTMQ'	4.9491525423728815	1.0
b'-73xAVllMh_O2nEAcGtbvQ'	3.542372881355932	1.0
b'-9CvNuJ35elp7YwIy4xHDw'	5.1198738170347005	1.0
b'-9yG5SmYxH8BLg4bML8VQg'	4.986486486486487	1.0
b'-D9NFU_SZpp5J7VCSsPp1Q'	4.273480662983426	1.0
b'-IoO4qZCdIQNgj2vCt9hqA'	5.336088154269972	1.0
b'-R_dMb9Z1eBv_FlYZrrKbw'	3.6595744680851063	1.0
b'-jZ1TrvY56HFqmxjbpcU2A'	5.181318681318682	1.0
b'-mst4KdHEmeF3Qm0Xfouhw'	2.6666666666666665	1.0
b'-pV9kWNoA9vyHfM_auYecA'	5.085635359116022	1.0
b'-rLP6lfoQmOO_5Pf2bTkqg'	5.826086956521739	1.0
b'-rg5vXpJgqB23FOQJuqMeg'	7.555555555555555	1.0
b'-uMpSkdN39sz9MbjkauVTQ'	4.394736842105263	1.0
b'-y8Nz-elBXkUYoIoc9AADg'	4.96969696969697	1.0
b'07pQy9z_UNDihUdwrJfjyQ'	7.032258064516129	1.0
b'0ETtpZSd6f7q_-o-7gutPg'	4.454794520547945	1.0
b'0Rhr6lMMv6SyBgENN6h9Bg'	3.75	1.0
b'0SECDod-_lEXcWezbwUxzw'	5.994285714285715	1.0
b'0au_HRvOYfhQyvdvjZdzUg'	6.0	1.0
b'0qh5uSAUDcVzC6hoPsAPvA'	5.94	1.0
b'0vyh1UE4HH8ayZtXNxIfeQ'	5.119241192411924	1.0
b'0zxn5cFZaH3F_0UsiI0SjQ'	4.629834254143646	1.0
b'1-wuGggkiX5rGS6e2qTP7Q'	5.37292817679558	1.0
b'15LVDu1_v97JEx-g97wnfA'	4.5396825396825395	1.0
b'15LjiMzeVbTpQgaFBWO32A'	4.09771986970684	1.0
b'162qe4ekI6ylZg_EYp3MPQ'	2.5	1.0
b'1AbuJiCPu-mOJUPjQIpuLw'	4.771428571428571	1.0
b'1BQzXcXFxR6MlVIYmG93kw'	5.2967032967032965	1.0
b'1GGLx6k4SgM-MykB5TTiJg'	5.117647058823529	1.0
b'1No65MMinOXLxgEtqpV3vg'	4.0673076923076925	1.0
b'1Os0g2rh6I50ZIXEZSaNkA'	6.777158774373259	1.0
b'1PUPTbQRums97s6yfTnA5A'	6.583333333333333	1.0
b'1ZkcNwQpIESg8LuAHzye6Q'	6.779816513761468	1.0
b'1a3Pkkwb7yB_vmxgKwmqXw'	3.997191011235955	1.0
b'1bYtt80iwckHNPJyIl4qQg'	3.6363636363636362	1.0
b'1k3toqehw9_rOdLjsoZh-Q'	5.384615384615385	1.0
b'1lujZNJqP5s966L0PRmRrg'	4.85	1.0
b'1pOqoAixFXrVci0kSZnbzQ'	2.0	1.0
b'1qVF1_pSuk88hrTek6bPeg'	3.508771929824561	1.0
b'1qVtBw0UIcWGGUQXWjMgug'	5.196078431372549	1.0
b'1ru9ZnIcSXKtD-jQoxLzNg'	5.241379310344827	1.0
b'1ti16CM6jlDt66P5PDqyUg'	3.272727272727273	1.0
b'2-LcaW9vRqBLKe-5Y6ljVA'	4.337142857142857	1.0
b'2-su3xdxOvyF0_2GZN4FLw'	4.0	1.0
b'20mdLT6sAriyKs9oNouDDA'	4.116216216216216	1.0
b'22SabxkOHG2gD4VuVlQR5Q'	3.4615384615384617	1.0
b'24fW-8hK0hs5KvEYWwWNDw'	4.203342618384401	1.0
b'29iErFPoWBTbIVPpp9qSyg'	6.983870967741935	1.0
b'2C5nGjdzF0zMWvD9iVma0g'	4.473684210526316	1.0
b'2Cmpz9lgr-wfOLAwgUf79g'	3.9135802469135803	1.0
b'2NnoviDIh_GjWZI3srr99A'	5.069767441860465	1.0
b'2Y1zM4OuV_eB4KxZO3LxSw'	5.2	1.0
b'2YlUn3s132hNq5ueGeIiJg'	6.625	1.0
b'2cetuQgbP1Bnzm-uMRlocQ'	5.161290322580645	1.0
b'2hGAmn6CJKT-Q1deaEBtGw'	4.068627450980392	1.0
b'2j3sESWDU_hW9Q3TjElwPA'	10.529411764705882	1.0
b'2koGK8csbE3AIFf7r2dMNw'	4.208791208791209	1.0
b'2p5J9bc0acslM4XBNcXAJQ'	4.253968253968254	1.0
b'2qjvYspb3bEmCaw1vmSk0g'	4.526315789473684	1.0
b'2vzUzl31fFLHKhM6px-rbg'	5.666666666666667	1.0
b'2zx0Pt5OeHhjAZoNRqYTog'	6.903954802259887	1.0
b'3-HFGxmbzSax-NySJ_LzDg'	4.489583333333333	1.0
b'37_fNrTNrqYGJnwdqtXQ9w'	3.925531914893617	1.0
b'38VHBCYylBFmTQ0cFeCdAQ'	5.253571428571429	1.0
b'3EkVn5_YsP0q6LvMfTsVuQ'	5.872679045092839	1.0
b'3GKCKWw4O6JmM4HejYEQcg'	3.3548387096774195	1.0
b'3LpBQxRKVxJIxdQd3PV_Hw'	5.823033707865169	1.0
b'3NmjKQJmPH7hcM0pp12DJQ'	3.5825242718446604	1.0
b'3QfcfPCJSo0z2v1bkdUemQ'	3.9190751445086707	1.0
b'3QkeQGsghxmtHyK2q1_xsQ'	4.165242165242165	1.0
b'3Z4pcWY2xnyZumGmsoXIVA'	4.79155672823219	1.0
b'3a1w3Ufs9CCC3GJTAV8EpQ'	4.457142857142857	1.0
b'3aEASdWGHArGCQH-7don3A'	4.916666666666667	1.0
b'3ixWqNb_sort966Ouxc5vg'	5.935483870967742	1.0
b'3r1-6Hrfiobded7DRxstxQ'	8.476190476190476	1.0
b'3uFye5VlDqtBU5_TzSulyA'	4.018867924528302	1.0
b'3uwz62lHoUqKXDDbwErRfQ'	5.0	1.0
b'3wW0ls1tLyYabs2lwEndzA'	5.2027777777777775	1.0
b'44IAhkyHsBGMrggWm1HICw'	3.9833333333333334	1.0
b'49JTxfrT4BnROuk9_RIW6w'	3.5689655172413794	1.0
b'4CXNce-fAj4G39hi97IleQ'	4.198757763975156	1.0
b'4DtGWbPfvfIL7czgBLPcXw'	4.933333333333334	1.0
b'4FdXVA-WxWwc5rmjRPJVnQ'	3.523076923076923	1.0
b'4mYNxIZan0vuTqZ9BS7__w'	4.833333333333333	1.0
b'4qiD9hcUiY4AfCBBqpMYeQ'	4.333333333333333	1.0
b'4r9BwC-nkDRMXEIy_bqNbg'	4.884057971014493	1.0
b'4scx_rtI9RZfFHWUxqPuHw'	4.332409972299169	1.0
b'4y8KM5Hq0HOm6M0w7O-m4g'	8.561959654178674	1.0
b'50Anorn0DJXFhBr9a9_gHQ'	6.722560975609756	1.0
b'52bVodsCN1p_yT7_Y63xeg'	4.002785515320334	1.0
b'530DtHanJc-S-rNh7dtoXg'	3.7	1.0
b'58bwmkEtGJqe7ei5kssczw'	4.684210526315789	1.0
b'58c9tCvjkDRONJq8h6NLzg'	3.55	1.0
b'5922_DJ8lQXaJva0XOlyXw'	4.1891891891891895	1.0
b'5P73h8f_5q-00YIIkUX4WA'	5.865384615384615	1.0
b'5R6BzOdTvgUiDTlR6K9suQ'	3.975	1.0
b'5XSmSsHpQI5hvB90URhJtQ'	5.7611940298507465	1.0
b'5Y-p9QJLrg2P0I8RjJ9TTQ'	3.5	1.0
b'5YUoTimGDPbbmRfw6SJgTQ'	3.7252747252747254	1.0
b'5ZqybrqiTdbANn2yI3B3VA'	4.416666666666667	1.0
b'5iFHDkcYp2PRllPzq1Qe_g'	3.9487870619946093	1.0
b'5iVy1KRxAHo6ZG6U9B6DLg'	6.5227272727272725	1.0
b'5p5YW_5bMOSuLIQjkJPO3w'	3.9617486338797816	1.0
b'5paKcA2AAguJgZYBkr-I7A'	5.988235294117647	1.0
b'5sV9N8rB3TNBkp1K35WM5w'	5.8108108108108105	1.0
b'5uMfIYovqfgk41abdfFegw'	5.256756756756757	1.0
b'5wfInTOKyMQxxeFvqR-3vA'	4.586666666666667	1.0
b'61wUpoim2yzSMPKxg58ReQ'	4.6	1.0
b'6A9paRG2PVEfgGMXBrYdZA'	6.8494208494208495	1.0
b'6AwirUhnpzMZynePZbrdBQ'	4.421052631578948	1.0
b'6HLacZd6X2tz16IP3dHMEA'	5.666666666666667	1.0
b'6MkQ454ElyTcMrMLU3qm3g'	3.6557377049180326	1.0
b'6NWSeAEufOHDklHbg4PAww'	6.632768361581921	1.0
b'6Z75MVEou08v513A8DUbpw'	5.91340782122905	1.0
b'6_7_aSycZlRsfKENFiIi6g'	4.428571428571429	1.0
b'6_YR7epdhDWU_E5Hj4nZrA'	4.207182320441989	1.0
b'6keyv1LcbzdD8MCrRaA0nQ'	3.542372881355932	1.0
b'6mnjYZM40r67smOXrg6R4g'	3.4615384615384617	1.0
b'6mqfcZI2I6Y8QGBPiFAsnQ'	4.005524861878453	1.0
b'6pG7n8Rx_7ZXeQQk690Nsw'	5.108635097493036	1.0
b'6tTv835MSguUBDpDtVRvMA'	3.78125	1.0
b'6zZDTZ4ZZEYfN268iPz0uQ'	7.681034482758621	1.0
b'70YqOHFMCoeNTw0cN_10jw'	3.988888888888889	1.0
b'70nmPKnAufzeKfRNVE0-Pg'	4.8	1.0
b'70xPPH9jN7TI9etfueFetA'	7.795698924731183	1.0
b'7CD4qTysNB-lis85QFS8Tg'	3.84375	1.0
b'7Km9UXolK9vEeBDNqTl5DA'	4.0	1.0
b'7OKQ4ENVfPfxtDqFOG7x0g'	4.181571815718157	1.0
b'7Tp53xZh1ypd2wbudP6Qcw'	4.0251396648044695	1.0
b'7iZYl52Gtica73shRYsuMQ'	6.685236768802229	1.0
b'7kpF2ohwt0PPi-cK69R1_g'	3.2954545454545454	1.0
b'7oG9TB-SFG9Tpo3QvrYIUQ'	8.46116504854369	1.0
b'84WYW7OfV-IXUJk95EL5_Q'	4.226256983240224	1.0
b'86Ha2bJ6zMvWSv319myoQA'	4.245014245014245	1.0
b'8Nu0oc2gCzTG4KA-sHa5lA'	3.4107142857142856	1.0
b'8PCFk6ZKDm73Ag42C8XtGw'	4.450549450549451	1.0
b'8RxwEbhxRResGQUwsZujAw'	4.192200557103064	1.0
b'8Rydf8hXleCwbCN9nvmZ4Q'	4.273743016759776	1.0
b'8S-JaDa1tPdAGaQPTUMjaw'	4.447368421052632	1.0
b'8VjuH2GhJXauUigEEX9Q7Q'	5.444444444444445	1.0
b'8XeWfMGuNsrYkXRwQJjhCQ'	5.746268656716418	1.0
b'8cUCAdu2gFBjdWDKWaetRQ'	4.2398843930635834	1.0
b'8cjXEmuqgCbIRudb2D52qw'	4.473684210526316	1.0
b'8fArAA0gwfUbb3uWotd5mw'	3.8738170347003154	1.0
b'8gVq0xCXVeAAS3-nsifAgQ'	4.217270194986073	1.0
b'8iRfD5IizYki0F8QlAlL2g'	5.032876712328767	1.0
b'8iZ5bR_Zl-xQZMDCvNKLgg'	6.686274509803922	1.0
b'8z4sC_8dsZiiMWjIPYE_iQ'	4.75	1.0
b'91Y6ASRhkDz3mJG9ezGNiQ'	5.8478260869565215	1.0
b'924Ni03Fjll4kkkTgSQTlg'	4.259887005649717	1.0
b'940rOS3vKpqJMKtrsoatTA'	8.475247524752476	1.0
b'9BeOKr8DGzDEmdoe-FzQbg'	4.222222222222222	1.0
b'9BohUwW-fTfcpiBT782Fkg'	3.9751381215469612	1.0
b'9D9VuQW6ysUacf63q-5pMA'	4.496503496503497	1.0
b'9Hn3FW37916i3ED7sLZCQg'	5.034666666666666	1.0
b'9XtyBTgenMERfl4hDgnDwA'	4.157894736842105	1.0
b'9h-dDy31vMwnlBoX3A7SSQ'	5.052631578947368	1.0
b'9muoOpBgraI4xtP0ZhZACA'	8.0	1.0
b'9qd2RuiGMtVju7tqdp3dsw'	6.0	1.0
b'9spk8K9pg5HdDNMNxAlGwg'	4.417582417582418	1.0
b'9urG14qwHtGRpQQUYY2y9A'	4.625	1.0
b'9w18Hgg_UmI18YyVTP_E3Q'	4.475	1.0
b'9w_saPQbfOaqrKe5lJQ74A'	8.75925925925926	1.0
b'9ySFD8tMkeuTclyWfanI9w'	4.375	1.0
b'A4uc3-zbHowQeR_u-7VNOw'	3.7457627118644066	1.0
b'A5tvf0CSH-QUnpyMI4m5ww'	5.25	1.0
b'AQJL8iLnVMea7nm8vEGOgg'	2.7	1.0
b'AR1w3ragHgRvnU71A7aaZA'	4.113573407202216	1.0
b'AVsiojwcq3X6lSIQkpp8SQ'	3.9748953974895396	1.0
b'AcW_Km7jkGBr4rJdIrIP4w'	3.9375	1.0
b'AfoBKJuGBJvQhc3By4K9Dg'	4.103064066852368	1.0
b'AlwKuzyrrxlZ04ktebwmcA'	7.6	1.0
b'Amo5UhXRFce_fegUnFEnMA'	5.25	1.0
b'AtkoIv3EEqLivpg95PzP1A'	3.9747634069400632	1.0
b'Aua2Vi32K-G4LE0JCtAwiw'	3.4615384615384617	1.0
b'B0KLBjiTkR4gz-fYDYv13A'	8.586206896551724	1.0
b'B1xcP1i6-sZR48zjgpwyfg'	6.11484593837535	1.0
b'B5EZlEDH6AVDk8tQGHAGqg'	5.133333333333334	1.0
b'B7wipW2uZRj7syuQiRTH4A'	5.16044776119403	1.0
b'BF4RaOWyjLDa9OvriKc1sA'	4.966887417218543	1.0
b'BXQKPvzAFDOOXDQzxIU6RA'	3.956164383561644	1.0
b'Bi3520lcx6UQAYZPHADZaQ'	5.711111111111111	1.0
b'BuS11AF9XSHEShscxQEzeg'	3.9971988795518207	1.0
b'BvyUXno0grQerd5cZGDFPw'	5.365771812080537	1.0
b'BwWbwhIWfc9A0fPShp-WmA'	4.519230769230769	1.0
b'C12LKBQMjJJw02wqpM8ShA'	4.187675070028011	1.0
b'C37hwsGUHn_3-il0ypeY-Q'	6.607142857142857	1.0
b'C3R2BmF0YdyOIEd0jsqILA'	4.278688524590164	1.0
b'C63sF-wG4f1doMIMv2qvOg'	4.578947368421052	1.0
b'CFnO6hcjUAT7RoUdbGsEPQ'	4.3	1.0
b'CQNq2sgLokwOVf4OL-19Hg'	4.64343163538874	1.0
b'CRD6zKJSRbkiwTPYMIaavA'	4.074074074074074	1.0
b'CUGPOzeBRz84cdIOGSXcLw'	4.812734082397004	1.0
b'CYFfha5CmApflbpN1AhWHQ'	5.417827298050139	1.0
b'CYKvEc30_ujFBfgoSIawUw'	5.3559322033898304	1.0
b'Car4D_KYnNNSxH9NPwcGAw'	5.314814814814815	1.0
b'CcuKo38SwW54TDlMWAMi7A'	4.363636363636363	1.0
b'CfW-088nFNuUF9O7363lwA'	7.803191489361702	1.0
b'CiNZmBtZRaRSXKjwun4R4A'	3.9473684210526314	1.0
b'ClQhj49lBHLB45btvX4TWA'	4.03030303030303	1.0
b'CqCWN9aBJf8YNJxyel7psg'	9.5	1.0
b'Cs7Zny0ijnyE9nZWSLBnAg'	7.613180515759312	1.0
b'D5XFDNEuLQoLbokLeznaOQ'	4.446280991735537	1.0
b'DCab_cz7nDDW-IPsnKGb_A'	4.711111111111111	1.0
b'DEF77d-_S0UT2OI-njM5fQ'	6.8125	1.0
b'DHiXfpd_vSfCCeFXPSucTA'	5.422535211267606	1.0
b'DIUK7_PjGCOMcpS2fBiALg'	5.043478260869565	1.0
b'DQMaUSbKsRtB5lJD3egqxQ'	4.767716535433071	1.0
b'DTsCHmHjqWXBCzAkg0YzAA'	3.6176470588235294	1.0
b'DWPAFq8HdzGzo2vhKixDJA'	4.448275862068965	1.0
b'Dcj69NZJnbJhK-YHP_nULA'	5.2772277227722775	1.0
b'DhMshA4a0t5wlOq7u0RiMw'	3.9444444444444446	1.0
b'DkVmX5Zzx_lvl-2Zzyz3bQ'	3.0	1.0
b'Do_mgaoCgrQodPrq4nxRbw'	3.242424242424242	1.0
b'DpWCY7KPhaL_7jonOTSJyA'	5.730337078651686	1.0
b'Duy87WN6ajXyErWzStWOuw'	4.166666666666667	1.0
b'Dy99p5bWfr6g0UtlmPjDqg'	5.229461756373937	1.0
b'E3zvCzX7gquT9srY4pUwLg'	3.6506024096385543	1.0
b'E4HlcOykIxIDiJyUKO-eIg'	3.0	1.0
b'EFOQdRak3K15hIuN2Q3Cpg'	4.5	1.0
b'EGgsujG0ycRAnMqMYvylUg'	4.449468085106383	1.0
b'EKNm59ZMMRvb8N8Cm5F8Qw'	5.754189944134078	1.0
b'EOlHhLgp32dCdSlsMpiG6A'	4.129476584022038	1.0
b'EP0mnDzQiA_sRTRlYBs4hg'	4.363636363636363	1.0
b'ERXnerHflh86VOYKAopLMw'	2.0	1.0
b'EWcCj1D3K1NnEgYD_LjgDQ'	4.911764705882353	1.0
b'Ec-h5JjXzy-pjfpb7d_BFQ'	5.211382113821138	1.0
b'Ed5feP-TztmLtc4pRKDvNA'	4.333333333333333	1.0
b'EgtyW19V-64c6PmRuvzSEA'	8.246418338108883	1.0
b'EiHj4zrEOA8SlMO69qSHZg'	5.090909090909091	1.0
b'EtFtF_FPvqpeTlbj9zFfmA'	4.923076923076923	1.0
b'Ev142kLmV_ASI9iAl-KfKA'	6.689320388349515	1.0
b'EvT9WywIVoi1p0GaoGteTg'	3.6777777777777776	1.0
b'Eydky7VulZijOJ37yl8IGQ'	6.584474885844749	1.0
b'F0Wv3QMEXhX3vknb5SPqCA'	4.151515151515151	1.0
b'FMMNajth88mWX76QVp6N9Q'	4.2592592592592595	1.0
b'FPunXW5NBaTKgx5uBrdD5g'	4.106145251396648	1.0
b'FQMGUdB4R-nCgQ9luiyinQ'	5.151515151515151	1.0
b'FTo64sohiSRBRM9e9NzeAQ'	3.7596153846153846	1.0
b'FUX9h1a37GJn9ge1baiNuw'	4.91	1.0
b'Ff9YHvBxijzhdtYVQU09dQ'	4.882352941176471	1.0
b'FhHD0Y_TPysnHOfB8uS6eQ'	8.0	1.0
b'FlPAGqTovHc4mEIKJ7Q8Nw'	3.393939393939394	1.0
b'FnTbrBUCuaSOlWnovTgMjg'	3.892857142857143	1.0
b'Fr3Dz0_fOSGBroXEUF9BiA'	5.042613636363637	1.0
b'G099MT9cwtwgdsR71JLp6w'	3.9421965317919074	1.0
b'GEL7svZLFqx9NWq3aOtz_Q'	5.168508287292818	1.0
b'GLUwW6rCrMTAX2QbUpye-g'	4.539944903581267	1.0
b'GRBJc51ofoVZWpLOs16a1g'	3.9393939393939394	1.0
b'GVSc1akbPBLtpYHSAuI_eQ'	6.044817927170868	1.0
b'G_DzKLA15CTjq5cOkBp0pw'	4.081967213114754	1.0
b'GdnLAgRXt43eISMtJEOZRg'	4.104838709677419	1.0
b'GeRCq7Y4SI54tDEjIaanPQ'	4.545454545454546	1.0
b'GfYzz2Dnnn0CqeDqROAKTQ'	3.0434782608695654	1.0
b'GnODIDJz09LecpudDoynCg'	4.057239057239057	1.0
b'GnSZknS80ioXMziHGy4QFA'	4.32258064516129	1.0
b'GqVYiZNJnuLV7I4u3u3PDw'	4.162162162162162	1.0
b'GrfaRLXBZ6uB9QGEd0ElFw'	5.273542600896861	1.0
b'H6Gb3P21h4e_stdjFQO9oQ'	6.761904761904762	1.0
b'H8NK_pWGq4i3L92ZpaUaGg'	4.277777777777778	1.0
b'HG2lE2sToF7IdPbl0hz34g'	3.1666666666666665	1.0
b'HHCn1akqIpl_BhdcJoYPbw'	4.041666666666667	1.0
b'HNW4P0jAhXYRJ_op7OcWCw'	4.153846153846154	1.0
b'HO2knNxcc_8lFtgGxN8q2A'	5.064	1.0
b'HVpwpXneaCWMeEBF7H8jpQ'	5.92436974789916	1.0
b'HXkuFF_Rtg2g9rwcBdpB-g'	4.834733893557423	1.0
b'HY123qqsjVwmurS7hcCSkw'	3.5	1.0
b'H_og8Pdq2ijAx1QrWjCMNQ'	4.333333333333333	1.0
b'HaRB76OqxMZ28snURM9tFw'	3.0	1.0
b'Hc7tSaIHva8WLyBlPDsEjg'	5.196078431372549	1.0
b'HeN_Ru6w-T-oJn6T_N1vfQ'	5.9411764705882355	1.0
b'HewGH1vYiZpkCoXeGOsA9g'	4.732673267326732	1.0
b'HlYzk84INQaNslFT-lyBFw'	7.5	1.0
b'Hty6oLQ1_FSRW5XgZtWrXw'	4.333333333333333	1.0
b'I-7JXoyVi-QpZJLbJMDrgg'	3.80327868852459	1.0
b'I0R4EIBhG1_-vKxOKiIbfQ'	4.429775280898877	1.0
b'I2BCOAwqJJIfUX-NzPbNjw'	3.1818181818181817	1.0
b'I3S2BseRUaSHuTSsYivMlw'	6.963470319634703	1.0
b'I6e7bj_b8p6lyzu9fNty2Q'	4.05	1.0
b'I6iOdOeu3MxxuG6gIhzodQ'	6.861111111111111	1.0
b'ILa-Xv5-h23A9OMrYK17oQ'	9.357142857142858	1.0
b'IPZubyVcN1OPwDJ68uqUHQ'	4.59228650137741	1.0
b'IRfYEXJBQXxIN2d5pD_jKg'	4.880597014925373	1.0
b'ISE6RcXsgPO1MgxypROEYg'	3.9444444444444446	1.0
b'ITieHQ8UwKq74FnqTKnPOQ'	5.863888888888889	1.0
b'IV5uZ0VuLVplxnfkx96_iQ'	4.416666666666667	1.0
b'IXXERocY1bqGwRllcy8J2w'	4.463302752293578	1.0
b'Ib2-QQytp9eqwaOgY_zeYw'	4.535714285714286	1.0
b'Ie00N1yErrmaOa44x5K8kA'	4.568627450980392	1.0
b'IpLvJEjb4AN8eWq5NE2TVA'	6.909090909090909	1.0
b'Iq1P8S3--gqd50xoQJxpqA'	7.057142857142857	1.0
b'IsADZMYEJKXTtPfN9YsiBA'	5.276243093922652	1.0
b'Iz8Mi3qXqRW2JMaLJTTlLQ'	5.24	1.0
b'JBX0Bd9Va4_MtLPwX9Oosg'	3.2	1.0
b'JDwEvZq0KCSwgEds3LxgMA'	5.779411764705882	1.0
b'JE3SRhAGqZrAzs0gMm5cIA'	3.6557377049180326	1.0
b'JEoi9ITPZM58EnZBAubijA'	5.421052631578948	1.0
b'JexI9opGP2n_Xv6IKnN0Bg'	4.593406593406593	1.0
b'JfGnBe_IGDV0RZjAADp4yA'	6.0	1.0
b'JmXYTZcMZpcNINM5ldvEAw'	4.8	1.0
b'JmlSv3iBz3nBEXy5r1yhtg'	4.450549450549451	1.0
b'JrNMDwyiOGruhvf4coLn2A'	4.777777777777778	1.0
b'Jrwc8lczFNNXOMolie1amg'	5.93956043956044	1.0
b'Js2cFsdDiLR5yQsfCGFdZg'	3.4925373134328357	1.0
b'JtJnFY3tThBoxpDMxLFLow'	6.166666666666667	1.0
b'JtSNHDRRZffnHBEsJudW-g'	10.5625	1.0
b'Jv8Cj0fdN2Mu2uvFVKcGlw'	3.5714285714285716	1.0
b'JvCSGmN8gS-kNh9xLgLC1Q'	4.15	1.0
b'K3790-2nF-iHvfPMnthLaQ'	4.008849557522124	1.0
b'K6LwZagSz-cUrCcVemXrlA'	3.9835616438356163	1.0
b'K6YZd1zjr700Wb5-Ng3Dmg'	5.666666666666667	1.0
b'K75oPh837az2upKWPS2LUQ'	4.558011049723757	1.0
b'K7rmxZmtoE0_U_40459TLg'	4.240331491712707	1.0
b'KAhavksKQwKbMzZHiNOyOQ'	4.223756906077348	1.0
b'KB25wVbL7Lk22tN72DR0ww'	3.5	1.0
b'KBWpa4uN2ke1t2cp27r9tw'	4.935754189944134	1.0
b'KK5Hvy2JNjXpdO_zHA_LCA'	3.95	1.0
b'KKaImMG2aKPmLpjsdaytwQ'	4.7	1.0
b'KLJmSYpq81fy0gXri-tAAw'	4.391304347826087	1.0
b'KLvpdtFYUi1I0LNsmIqeJw'	3.8333333333333335	1.0
b'KNIIl9Uhlsbq1aQjO_HL7A'	3.9833333333333334	1.0
b'KW5qy8mKBpgd2xL_5w7Mzg'	3.537313432835821	1.0
b'KYdtom3RyDt-3SWGwmJcQA'	4.720430107526882	1.0
b'KfaeDC-oPE6GTfBvdF9x7Q'	5.386111111111111	1.0
b'Kntmm6a3qAMSpxRWdFZutA'	3.925531914893617	1.0
b'L772e6l2Yd0DJEyCBxBNng'	5.161111111111111	1.0
b'L7ruEZJO8tGQIHPxGTztAA'	8.585106382978724	1.0
b'LDxapKCuUbH-G24O4vjD7g'	3.9473684210526314	1.0
b'LG6vpg5Qx_DstY2aT8-O4Q'	3.9972375690607733	1.0
b'LOARujcfx-Ty_RUlcnYspg'	4.067796610169491	1.0
b'LYpujMCxfrHcSO_NA1BRQg'	6.713091922005571	1.0
b'LZGqCuTxaCbzgjv3N4xnWg'	3.1666666666666665	1.0
b'LZ_R2OLgZQSQMMzlp8uUOA'	6.854838709677419	1.0
b'Le1fkEFfe5ADbHjqiKgzXg'	4.011049723756906	1.0
b'LhU-XsZ2YObJnP-5uiMIjA'	3.7	1.0
b'Lku_keJf44D0LxbRAIZOcg'	3.986666666666667	1.0
b'LqEiVAAXdG734Z0YZMrZdg'	3.978021978021978	1.0
b'Lrn9Yk5dmLrYJMVvQT_CHw'	4.563291139240507	1.0
b'Lu11ceuxJWh3dgRaPZGbsQ'	4.903225806451613	1.0
b'Lvg2y48cv7xFUJBqoUXmvw'	4.333333333333333	1.0
b'M-caugKzJ9qLOmCBfD9Nyg'	4.862745098039215	1.0
b'M4f1JtOp03-gv8xR5JtV8Q'	4.0	1.0
b'M7bDZslvnTlud8DfF-cjpg'	3.230769230769231	1.0
b'M8jR5XMgr2jWrs_EYtaAeQ'	3.9753086419753085	1.0
b'MC32JA-Yv2ChT_q9TgHyRA'	4.153638814016173	1.0
b'MLwVTDhM2DOESvKGcfKCsg'	3.9066666666666667	1.0
b'MOsFhDVav42shCq9-rgejw'	4.209677419354839	1.0
b'MQb3PUxPJKYNQOY7g9bc_A'	4.2	1.0
b'MSrcYJoM9cNLS9-wfTZX3w'	6.962962962962963	1.0
b'MWYJl-bIxhtQ-4Kg3ENUxA'	5.076086956521739	1.0
b'MkSF0SJUMj2A3ewUhUUBvw'	6.471111111111111	1.0
b'MmilEd3oPSD2n6jvBnxd_Q'	3.585858585858586	1.0
b'Mp-spZbBtbHkzubDSYPs2Q'	5.862637362637362	1.0
b'MuLF5vPE73lGydhv-6xbtA'	6.909090909090909	1.0
b'N3uOrQCnx_n_841Q8EwbzQ'	7.882352941176471	1.0
b'NDZAQuVpv_KZuSjKYpXf5Q'	8.519337016574585	1.0
b'NJ4S3JX56JEZGWlAfpF9kw'	4.502808988764045	1.0
b'NKx2a3_PQ9c7Ts_A6JxKWQ'	5.736413043478261	1.0
b'NMXig2HCB_sa0E1OCZj-KA'	3.48	1.0
b'NUTVC8LoicZmcsO10Jmolg'	5.428571428571429	1.0
b'NVIaU1w3e8KSeaGihSWicg'	5.173913043478261	1.0
b'NXTsT01IVpKYPpa_1L-Rlw'	7.7	1.0
b'NYf9TKBKPpa1wkA_uwIlfg'	5.030612244897959	1.0
b'NYxVVeeI-zz2qjPKk6FCwg'	4.26530612244898	1.0
b'Nc0xqiAmS2OTxPrlvQrJ4A'	4.543689320388349	1.0
b'NiBzh0kHusvH5rdnpm7yVw'	5.275590551181103	1.0
b'NiNRA6t16CtUQKopLV1GBQ'	4.090909090909091	1.0
b'NiYjWteYkFwglnlJEDe2BA'	3.5652173913043477	1.0
b'NlzU1RxfXaWF6ir-ZWfrLg'	7.627717391304348	1.0
b'Nn5gon8s64jVOZA-2ZkLcA'	4.807017543859649	1.0
b'NpjFkuhBX-LU-hf_FnJzKg'	4.735294117647059	1.0
b'NrpgcAPTAtMNoW4O_G0rwQ'	4.599447513812155	1.0
b'NsDydu5clpNkiTahn3wQ2g'	5.208791208791209	1.0
b'NyGlEmuYcpZSKfk6IwJeSw'	9.423398328690809	1.0
b'O-GefJqucTHDIYJSxVhEyA'	4.180952380952381	1.0
b'O2OD-ojkZXsSbFyzpuvtIA'	6.734806629834254	1.0
b'O2ZnBnTqw6Xi95ogL0hBEg'	5.110410094637224	1.0
b'O3tT9S9vZixg1iwiKeWfuw'	4.875	1.0
b'O615O_US381DcvkxwuEz7A'	4.285714285714286	1.0
b'O6bQ22yfG5Q3BAL8pWuaSw'	4.133333333333334	1.0
b'O75Lh99ZO6HCIqVVR-p9wg'	6.755043227665706	1.0
b'OBLv8e0RvwqBl0Gkoj-bDA'	6.71875	1.0
b'OCytAjNw1jvhfEF7KU43GA'	6.7272727272727275	1.0
b'OEXe9Rge71Ha3qLKGIK9gQ'	3.9963503649635035	1.0
b'OGg60MuC7fTlPaepWqB4bg'	4.714285714285714	1.0
b'OHlWeG019fqPbvYO5ZDEqg'	5.089635854341736	1.0
b'OON-4BXdjJHdk16zhdN4PQ'	6.727762803234501	1.0
b'OQKDN1QxWQvUuambyNHGbA'	4.319702602230484	1.0
b'OlA7h9oOttqTALudvEUzTg'	3.1944444444444446	1.0
b'OnKyFU0FsiPVd8Jwl6st6g'	7.674931129476584	1.0
b'OoI3WUe4Xl86d53avy3oVA'	5.256410256410256	1.0
b'OuKfLByYHVSwL8yTooQOXw'	4.469945355191257	1.0
b'P3Nl2QTfUtoe8-alSSh-9w'	6.0	1.0
b'P3pgWKV7j_ea-UqIaOnvvg'	7.0	1.0
b'PLiVD2blqBDRzAAd1_RxxQ'	5.784313725490196	1.0
b'PPMBRhovY0dNHCHFzk7pAw'	5.0625	1.0
b'PT0N41nUD3CErvn046JEhg'	3.875	1.0
b'PVHC67qH2d6DonAGRxvymA'	9.742268041237113	1.0
b'PbeDPF59J-bjBsUxLUGZhQ'	4.53125	1.0
b'PqLYjUuzSIUU94emDWxwLg'	4.177664974619289	1.0
b'Ps5mrcu_E17YBC7Tl75X0w'	3.488888888888889	1.0
b'Pt4rt1u_5KuS_NSMqerG_Q'	6.975903614457831	1.0
b'Pzs43Fkub-6A9hA1zqpF_w'	4.021052631578947	1.0
b'Q3B6jCQQ0KtkqFI6-Z9WCw'	3.9468085106382977	1.0
b'Q5cwBuHfkt3NjnDrxA-h8w'	3.9473684210526314	1.0
b'Q6_YIK0yUI8HEgqrOIE-1Q'	3.1666666666666665	1.0
b'QBDwbEEc9uEnn7dzVZu60Q'	5.891061452513966	1.0
b'QH2wRpTM0rtEJWgiPWhzqw'	3.8421052631578947	1.0
b'QI-CI9wWRxtw60_aQK1BpA'	5.178571428571429	1.0
b'QJOr35t_jz9OPQ6IczMGJA'	6.00990099009901	1.0
b'Q_fvIdn5mGAyyJKniY1F7Q'	3.6956521739130435	1.0
b'QfWFxmXqRGixztgaZN0gOA'	7.680412371134021	1.0
b'Qiyd2ha1pivmsQhnFZgCxQ'	3.938775510204082	1.0
b'QlAPX3c0Vm2dU_w3puIAIw'	4.340909090909091	1.0
b'QlBh1ACRTx-4ePTgIRPMeQ'	5.07563025210084	1.0
b'Qn2uD06olrxL_43_4G_Hqg'	3.5	1.0
b'QvpH6e7_1Tdlflk_yOj4NQ'	6.748618784530387	1.0
b'QvvcftkmPXdsBMbhGY293w'	4.0	1.0
b'QwGV_v3s9eOMzfWrFLUf6A'	6.711111111111111	1.0
b'QxqMKO5IZCQUUWIx8nTDJw'	4.521978021978022	1.0
b'R-9gUTN8BJIDqGgzXEmq3Q'	3.854368932038835	1.0
b'R6QCy5sVlySKgqvHb-HhTg'	4.482758620689655	1.0
b'R8L9VLO5jHfzPA5rHiujIA'	5.166666666666667	1.0
b'RDQ_812x82H72J7C6jG36Q'	5.1	1.0
b'RG2IGb4LwbxUwCW3iooYDA'	5.852941176470588	1.0
b'RGCiOM52mBI6_Wyfx2xO6A'	5.333333333333333	1.0
b'RGLC87HVaASIYLxh2RL4hg'	4.5	1.0
b'RIT-Y8d0qEZ3ORv0Ts5JDw'	4.615384615384615	1.0
b'RJNAeNA-209sctUO0dmwuA'	11.207182320441989	1.0
b'RJdV7djZZeH3jJadPhgVvw'	4.016806722689076	1.0
b'RMEzxhYfpnEsWlfozit_xw'	4.352941176470588	1.0
b'RMkBZDwEbcv5Ctd-a2A0Lw'	7.166666666666667	1.0
b'RRiKkw7WN4ZcpR8iQvFcOQ'	4.916666666666667	1.0
b'R_wOzSC7CWl38RLtbf-rQQ'	4.0139664804469275	1.0
b'RmwfJrR4__hd5Scae5qsTw'	4.862068965517241	1.0
b'Rn9FfZqjIU1oy8XaST9qbw'	6.209756097560976	1.0
b'RpJJeDl84FKx4-FwwY2w0w'	3.9916897506925206	1.0
b'RxacBKbziwvC5afDcZS5zg'	5.853448275862069	1.0
b'S3-JpB5dBhMXmauMqeoN-g'	3.509433962264151	1.0
b'S4NHg4GZD35HzzibJAxXDw'	5.43801652892562	1.0
b'SBnpT6JDbah-5l_52GM5sw'	6.578740157480315	1.0
b'SH1c1aFJl0uHVnVPEF-fTA'	5.238095238095238	1.0
b'SHoUzvH_XnVzU6i_YR48tg'	3.9477611940298507	1.0
b'SMtnQ_KdWUL36t3nV497uw'	3.964959568733154	1.0
b'SPFu6EgRI8PwVuoHEzCgdw'	4.333333333333333	1.0
b'STX8NfaW_xP6YZq-wERHYg'	4.350253807106599	1.0
b'SaAIh36XncqFQanBhSQlEA'	4.794871794871795	1.0
b'ShGGqJ0ugPw9N4yL7QlO-Q'	4.157894736842105	1.0
b'Sh_c-UZ8Tk_H1porVieNmA'	5.79608938547486	1.0
b'SpCVf25ya5jsHItdkpBpUg'	3.76271186440678	1.0
b'SqkJxRXxn7K1s6FxEQhYsw'	8.442857142857143	1.0
b'SxC7gGLEZ8B3ooj1Qtjz5w'	3.9516129032258065	1.0
b'SxuD7iY8QO88PNbSdNmNKg'	5.743589743589744	1.0
b'T-LEmkUd0PEUC0R_eUb7Ng'	4.236768802228412	1.0
b'TAetQMOQ0MCHAZ4hacJrPQ'	4.625698324022347	1.0
b'TBh4lRgZayACZKK02suaSQ'	7.625	1.0
b'TETUKvUj73hzn6JpkJ4_QQ'	4.088235294117647	1.0
b'TLTawnc8rVosRV9z5-8oOw'	4.186111111111111	1.0
b'TQSgOs4gahJ9g8Y_-whMsQ'	4.121951219512195	1.0
b'TQqhfjlPVEz41K_wAogQSQ'	4.75	1.0
b'TTVXY5vOJDqC0_Je8UhK8A'	5.0	1.0
b'TXiEgINSZ75d3EtvLvkc4Q'	3.578125	1.0
b'TdBC5PlJleNyfABjsPt00w'	4.581267217630854	1.0
b'Thbnk3uDJ2PPCCluUdqfEg'	4.6	1.0
b'Ti73jdAF8zrVEkSLyzfOag'	6.111111111111111	1.0
b'Tiy_skxHMvNCpyzAIqv6qA'	3.6732673267326734	1.0
b'TmzUG5kgxezUsfNYu5Z5cw'	5.1875	1.0
b'ToHFgQaDd_wJ6tAvVJHgoQ'	3.9411764705882355	1.0
b'ToNd6fEn_SvcQc1Fulsidg'	3.6176470588235294	1.0
b'Trs4cEYdP6AX_KihTk9kWQ'	4.243835616438356	1.0
b'TvhpG74DvdoF4MA0vLlOLw'	3.8333333333333335	1.0
b'Twcjx4ofM9GWwXN6LVGSzw'	9.35014005602241	1.0
b'U5pW5iuYdB_8NxEopCnpqQ'	7.481586402266289	1.0
b'U7Ag9oPTjWinwcnGH20tcg'	4.299065420560748	1.0
b'UAGZsl9ul16iDHmFNDLj4A'	5.306451612903226	1.0
b'UFyzcr1y2r3y-e_tNpA9VA'	4.0	1.0
b'UNPkYPoR-zPfnpTL6GVgzQ'	5.056338028169014	1.0
b'UROWdKGa1IQ19Jk4tExvVQ'	4.980392156862745	1.0
b'UidScb9HFDSD3NBw8MLuGw'	5.368421052631579	1.0
b'UjmVsSLDD7GQRTcLkJ9mfg'	5.162011173184357	1.0
b'UuezOzEBemKWDOrZFjM1BA'	9.0	1.0
b'UyTYTtyZWym-7u84XMgSOQ'	4.410526315789474	1.0
b'UzSXgaJjOrtdWATtzgPWqQ'	4.2	1.0
b'V1JEkeAem05hps5ZCmMIgw'	11.32122905027933	1.0
b'V1MTfnI-1T7lqZO-Y_qXAg'	5.06	1.0
b'V46DbgV5cTnYAwpBS70owQ'	3.8	1.0
b'V5K2K2U0JaBL5UPaZYJkSQ'	3.121212121212121	1.0
b'V80NaT5ZnfuA31yW3Y5Pdg'	5.195592286501378	1.0
b'VD358OTsTLFuxOZJTOInKQ'	4.588850174216028	1.0
b'VDvcxFhe3NttPUzftJmHjw'	4.391666666666667	1.0
b'VGKq16vCdPPHMoryy6XTHg'	7.52991452991453	1.0
b'VLM7exTU8wRmPVxI4uKi1w'	7.44	1.0
b'VMPSdoBgJuyS9t_x_caTig'	3.9183673469387754	1.0
b'VO2WD2hE1jLyNFCja3XlGg'	4.865671641791045	1.0
b'VRTrhsYKSJo1kGX5RqBlFA'	5.080779944289693	1.0
b'VS6cBZIOm1-8GjS2aGG-iQ'	4.463157894736842	1.0
b'VSu7GYn-Zln5TLZh_fMtvQ'	3.89010989010989	1.0
b'VTJIw7e4s5MSkg4OdNer6w'	4.379310344827586	1.0
b'V_2YX2rW_l5N3UwwifokCQ'	5.295918367346939	1.0
b'VbRT8CJlnCO9_rd0zW-rUw'	5.134408602150538	1.0
b'Vbkb2shDxUE8H3PzrFnypA'	8.714285714285714	1.0
b'VfWX3UCKvUnVktdOuR8TwA'	5.394736842105263	1.0
b'VgGO13Fx7dQj4zg3IuVDLw'	8.636363636363637	1.0
b'VozM1JCr5ymSambcvx0TAg'	6.0754716981132075	1.0
b'VrE8b5u-ai47W__Diw_mKg'	5.085635359116022	1.0
b'W4CG8pZC9d9PjysCrzUOug'	4.652046783625731	1.0
b'WCMt5LU2NnkmzjKNhTB7UA'	3.96	1.0
b'WMpXWa8iiEaDzb4vLTZjcw'	7.523676880222841	1.0
b'W_9ophRRWO924hn1S-y2Hg'	3.230769230769231	1.0
b'W__CejafuHBISqg1LkwLHA'	4.509803921568627	1.0
b'WacrAWdXzZywkQU-u_Qf8w'	3.7971014492753623	1.0
b'Wc1TtSuRgHXW8CLR7Rs7TA'	5.089635854341736	1.0
b'Wcw-xq_c89e4AaRsUtkaLw'	4.698564593301436	1.0
b'Wf7AV7JbR52qABil0bU8NA'	4.694524495677234	1.0
b'WhUaO6USElivcM-xxlsscA'	4.112994350282486	1.0
b'WkHVtY5voeLCvv61klhUnA'	4.0	1.0
b'WnUYubIggifyyDFTm4QHlw'	5.372262773722627	1.0
b'WoFTWkoOrciT0TEvRJcSTQ'	4.994413407821229	1.0
b'Woqed5Fw95J6oEZxIHiBgg'	4.114206128133705	1.0
b'Wtp0Pfnhd7NvUIEawiIjTA'	6.0476190476190474	1.0
b'WwQ0sr3wDk2jCMre_3mS7A'	4.163978494623656	1.0
b'X0UQortyd6N6zFBVisY_gw'	9.5	1.0
b'X0siHN0KchBjGKn9QsEAFg'	5.805405405405406	1.0
b'X2Lb7fTmuyXwU3O19F5aZA'	4.458333333333333	1.0
b'X4w6_iAqN8ZqZ15a7YWPgw'	5.28	1.0
b'X5oaz9_MVz-1ng83HuI4ZQ'	6.53932584269663	1.0
b'X5valo7w5BVwFn4lZ2P3Sg'	3.076923076923077	1.0
b'XFuNeVTGWZ-UOYO58NNmKg'	5.8	1.0
b'XKaEQFtKnU3_Gaduje4Nhg'	8.0	1.0
b'XMEGoJVtQ6EgVox1yTsO8w'	7.428571428571429	1.0
b'XO9oHMxyT0fklifbmED5LQ'	4.170731707317073	1.0
b'XSpEeRqe1CeIBrDoC-wEzg'	5.23314606741573	1.0
b'XXNGKunbVfgCJhp7XrkU_g'	4.525714285714286	1.0
b'Xc3Y8_cWBnMVXvoJmGCh4g'	4.57051282051282	1.0
b'XggUqVcri5eth2_ZqILqqA'	3.6483516483516483	1.0
b'Xl6I0-JmFE_6w28bku2idQ'	4.025280898876405	1.0
b'XmsBtCykUtObXg4Q1mYpvg'	4.252777777777778	1.0
b'XnFPzFiLZ8wKWZsmzGjvCQ'	4.65	1.0
b'Xrqd7hdpa5HYWdIegacTpw'	4.255014326647564	1.0
b'Xu6mEU7IbKlWic1ETgUOeA'	3.994459833795014	1.0
b'XxnQKE9jTD0bTE3LZ5NOtQ'	4.133333333333334	1.0
b'XzMOmLWmCClAgJMgCi9YRQ'	5.8	1.0
b'Y2TCGnkXJ1BmxMKLR1r8Jw'	3.8260869565217392	1.0
b'Y2Z1Ig5I1E3PSU_GQQUW9Q'	3.735294117647059	1.0
b'Y5Vbtaj_pkrhb99V4Q-53Q'	4.534653465346534	1.0
b'Y9Lsu_1dVNarV2wt1t5Cgw'	4.104477611940299	1.0
b'YDjpFw_K46BW9Wf9c8izzA'	4.134328358208955	1.0
b'YHCseOJ93wJh0gBcii_2qA'	6.0	1.0
b'YK6XFE1SbLZGGXIKZmrQ-Q'	4.146341463414634	1.0
b'YLqO9xm5s0KJ9JzWukAk8Q'	5.3478260869565215	1.0
b'YLwXQbMN-4NvUs_U8brP-w'	4.686274509803922	1.0
b'YSUPAkyni4qpcHfrMOAEww'	6.615384615384615	1.0
b'YUjiBKnlvfLkjFmUCqZf6A'	4.415041782729805	1.0
b'YXd7yVn-dvbPTYAgQ0V0LQ'	5.2388059701492535	1.0
b'YXe8DxId7IpkW-bUCdfGIg'	5.183908045977011	1.0
b'Y_wVqdHHkmfxdaHGOPffqQ'	3.5161290322580645	1.0
b'YcRaEZaqXmrBjDYjGIHYvg'	4.107142857142857	1.0
b'YgBQEX8dB27FdYj7PaPhPw'	6.357142857142857	1.0
b'Ylw5xdTfPN5L6Uhd54pzmA'	4.583333333333333	1.0
b'Ym7IdoJMPHaAm3JB8mqMYQ'	4.631578947368421	1.0
b'YnysIH0yvgMLtlsBdOSecw'	4.027027027027027	1.0
b'YohEZMYpKrf-3fyPASKLew'	4.2075471698113205	1.0
b'YpsMG1_Vf-rEVjl42Nw8hg'	3.9431818181818183	1.0
b'YsxyAYrg2LdMvf7nhp39Ow'	4.946808510638298	1.0
b'YycuwgvTtOG7HBYW_cwvkg'	4.160458452722063	1.0
b'Z8SXv1u_6rKicQy9P7G6fw'	3.771812080536913	1.0
b'Z9wnRnSvmt7PeMo69x3s4A'	5.827586206896552	1.0
b'ZCiKZMT1kce5Gxbwqcbrmw'	6.833333333333333	1.0
b'ZS9nhMMn6KdvdaB4L4G3vw'	4.497076023391813	1.0
b'ZjMNad9hCvBJficJA0bFRQ'	4.294117647058823	1.0
b'ZliwQrjUnAosBLM8W_bsGQ'	5.022222222222222	1.0
b'ZoZWONMz3tzxRLOSQEJosQ'	7.5019762845849804	1.0
b'_6b9CtXi4fQqiu2VjCVpTQ'	3.7868852459016393	1.0
b'_9oVB-ICuyxfnK8JGpiwKA'	4.231958762886598	1.0
b'_DpnhekFOZDPNBDekWpx4A'	5.6875	1.0
b'_Ejjcg6V2sHb_W8CyIUtXg'	4.594086021505376	1.0
b'_FLNxsJ6T9WLkAdjwCLEqw'	5.196078431372549	1.0
b'_VG3IAIbXdends4ATxlEiA'	4.64	1.0
b'_euNvs0P14284FXN1vZ_Pw'	6.48	1.0
b'_j0xNyOAtLI7iRF4GStBgA'	5.913461538461538	1.0
b'_n7WS5jqFs89WHOINineqg'	4.479166666666667	1.0
b'_tJ1mf_KEL4sx5fh9DTtTw'	4.5	1.0
b'_xcDTH9G4LDqADfpmok6SQ'	3.5	1.0
b'_y4zRzQloskP7IsEBhdNDA'	5.897058823529412	1.0
b'a4I6hTqQwL3Px1aXfHD4Aw'	5.84375	1.0
b'aKXzSFBrAoC_5kWUvjKGpg'	3.25	1.0
b'aLZTOa5e2ON9mmDQcw6GtQ'	3.66	1.0
b'aLf_bFRNxxGdte8GrIAN4g'	8.445859872611464	1.0
b'aP2L6aSpQEIKAS1sx3G8Lw'	6.0	1.0
b'aPv_Hk2yh0A-AceqCuTO9A'	4.183098591549296	1.0
b'aQYLi9BmN0KcLmK4OB_-SA'	3.6324786324786325	1.0
b'aRIZPbrHwnM04TTXLYrFMg'	5.7	1.0
b'aRbUf7je5wv5ihTrB4vDhA'	4.237037037037037	1.0
b'aS4t4ee3xqQXgNHNxi9gAA'	3.6615384615384614	1.0
b'aUrOyWFKxKeVXiFzwbTXSA'	4.6	1.0
b'aVBFKYoF0AHuusNssaQpJA'	4.23876404494382	1.0
b'aWYWNfHuQJyRwDHaHq8X1w'	4.213333333333333	1.0
b'aYjZc-3aVbPIPaJgGiUK_A'	4.293296089385475	1.0
b'aYoeWXcFXu2BsWuYIMd6Ow'	4.234159779614325	1.0
b'aZgOdGn3O_fP2OUr5ATqiw'	4.5595567867036015	1.0
b'aaEdLuaBvgNZWdc_I5O82g'	4.571428571428571	1.0
b'adU58x75VWjbsyFdoO_m3w'	5.247524752475248	1.0
b'aiI4CxuCeIj_BnGaJyU1dg'	4.013812154696133	1.0
b'ajNgLG4Eev8GQYZeMBPpdA'	6.524590163934426	1.0
b'alUQ8F8tom1kTsk4353I2A'	8.805555555555555	1.0
b'apDt7MWwZVmh_R1t_WVBzw'	4.594594594594595	1.0
b'aq1rdvfvT9_tleKI8OzRaA'	4.2784810126582276	1.0
b'arWSu95pE-EV4bZRTd-lTQ'	4.566037735849057	1.0
b'asAHqgKQtCWiBbC3XriSIQ'	3.857142857142857	1.0
b'aw5axrPRdJu56obiSZ4d8w'	5.997237569060774	1.0
b'azJAJh8oivpsU9HzlLS6EA'	4.318181818181818	1.0
b'b8u5AasAkEcqTwKlSjcHIw'	4.333333333333333	1.0
b'bCosDkhWzMJupoRV2be-VA'	5.0	1.0
b'bGAweH0aQRfqNx59BIAOaA'	4.575418994413408	1.0
b'bJo_-dEqQKdJKQJaa9hK7g'	4.375	1.0
b'bLh4ysq5RsbzCNSjqHhwyw'	3.9298892988929888	1.0
b'bObysWCWZqc_rqSC0U83Yg'	4.142857142857143	1.0
b'b_PiGpk0PZyBpckb1TFITg'	5.283236994219653	1.0
b'bqNV9FU60H9BVPJ4kWptOA'	4.649635036496351	1.0
b'brIaz5gTzBX6fgJNQZbUCA'	5.779614325068871	1.0
b'bt0ZUJWmAJhjYmfPCzgRmQ'	7.96875	1.0
b'c0mV9byVqQMERBojaFmuWA'	4.240896358543417	1.0
b'c26Nbb6i7OeMCvg7Cs4QSw'	4.92436974789916	1.0
b'c7ZTyqSG4v4ZVwK3vuDklQ'	3.946236559139785	1.0
b'cCBySJPR4i7WFfEt8gjArg'	4.256410256410256	1.0
b'cDk2no09g2JBBxBotOuZow'	4.011111111111111	1.0
b'cF-QXCQw2yLALLRTkH2Rrw'	3.681318681318681	1.0
b'cFxGP_IC4REtJspMNQ3vLg'	5.013812154696133	1.0
b'cJLx99fsYPM0SlNfWLb4Ug'	4.310344827586207	1.0
b'cMybOpJd352Cb6y9SeVhPw'	4.464088397790055	1.0
b'cPfnF9PAvVjamEdZM3wTzA'	3.789473684210526	1.0
b'cRDEkJWuXpKzuSYUpmyX5w'	3.9450549450549453	1.0
b'cTPdZ9Va0HCLESf5gNnXwA'	6.675977653631285	1.0
b'cUy8ww2wcqW-1RJLNSvBkA'	7.722222222222222	1.0
b'cVPUJEJqjSR1oHjl2JPHqg'	6.138504155124654	1.0
b'c_-0jkr-MkK2EdlbJaXgyw'	7.7	1.0
b'caMVCmuEG4rIV8HtTdU9jA'	7.5	1.0
b'ccVFmV2l3xPS4CCcLPwpkQ'	9.4	1.0
b'cenEs8pZINlsu1fSpzHizQ'	5.274238227146815	1.0
b'ceuvH6NpDhpT1p4q1w93pA'	3.786324786324786	1.0
b'cf0LXwdYZ_9y0BVK-un9ow'	3.9833333333333334	1.0
b'cgoS2M0ghmdAQM1fvf-I9Q'	5.1328125	1.0
b'cjFFnWEVH4F62861vJeq3g'	4.666666666666667	1.0
b'cjKl-UhaBcqAMN-fPAlA_w'	4.5473684210526315	1.0
b'cprIQ1e2be5LD7jpPEyiSw'	4.512820512820513	1.0
b'cqJBTRVx614nqlLEkzL7Uw'	4.5	1.0
b'cugTYtxVL2Q6Kkd8w4xMNw'	4.333333333333333	1.0
b'cxyDANKI4ptp9VdbgEtCtg'	4.56786703601108	1.0
b'd4JTF7OUIMpxpIHVl9wPJA'	6.6464088397790055	1.0
b'd6VYQbeTZ_WdD8Uuhh35dg'	5.086705202312139	1.0
b'dC2yhxxVUSmjW1Db7IaKWQ'	3.53125	1.0
b'dEty4GN0TJIbdIlMioW8cg'	5.132075471698113	1.0
b'dK7sFWvfEQ0Anuz7ch4t8A'	4.005952380952381	1.0
b'dSDl5LGJCU8R3X8lYDU7tA'	4.339622641509434	1.0
b'dTtMrvC0UoDV-3-8diJYLw'	3.933333333333333	1.0
b'dUtSIQouki34zUC2Se-NzA'	4.545454545454546	1.0
b'dV6AHcexEq-3joH6j-C17g'	4.634285714285714	1.0
b'dazGlP4Rk4nxlyMtlvkpvA'	4.217270194986073	1.0
b'dcfh1BEj4EXKqA16zi0TiA'	4.896551724137931	1.0
b'dfHA5n6e3f58nMCNHt589Q'	5.511111111111111	1.0
b'di6TE2800MRMLomLFsmfrg'	6.071428571428571	1.0
b'di8-ZPAvExDPfttxMs3_JA'	4.1353591160221	1.0
b'dk5D2jHEK7IoXEFf6zvQfg'	3.925373134328358	1.0
b'dpblBM884TnUQQ5xusFMlg'	4.333333333333333	1.0
b'dsvLqlcYaD0QbVGjVKm-lg'	5.0588235294117645	1.0
b'duG7f4gq2hS-QW50s-g4zA'	3.459016393442623	1.0
b'dyJK_XniS782sIhzWS7z5g'	8.482758620689655	1.0
b'e-finkL51hroOJ0GZ8jcXA'	3.9157894736842107	1.0
b'eI1n8YoS2xKCCpkLQp-CYA'	4.241935483870968	1.0
b'eJYvivWUp4Hdc9Tc8SaZPA'	4.657534246575342	1.0
b'eQL6UKYvkWERh21rF0Blnw'	4.10803324099723	1.0
b'eRGTss9r2Et8s_1UiPBKOg'	6.056497175141243	1.0
b'eYE7zd30ltLAS1V3ssdtrQ'	5.153846153846154	1.0
b'eZW0M_4K_139Ii6i1YLh0A'	3.623762376237624	1.0
b'eZiDoYkp9-OARMpamfljIw'	4.8705501618122975	1.0
b'eZkD1yUKQA6mAfBJTJPD6w'	4.018867924528302	1.0
b'eab04KSBbf30FqB4cH8erQ'	5.319018404907975	1.0
b'ecM2lSLuZhxZKQdGZWMOFg'	4.078431372549019	1.0
b'ecXP80GWT6zZ2qqZHpUCtQ'	5.930362116991644	1.0
b'ewEDv_q-K0fV0FepkHB8sA'	6.741573033707865	1.0
b'ey27rNqT2dqBqCP36iCNpQ'	4.097222222222222	1.0
b'f-Nk4rNCmJhYom1_6RdWqg'	4.00561797752809	1.0
b'f1loh_1c_zp6P1Zv9KSaPg'	4.458333333333333	1.0
b'fH-udnxBjJ0ldqMeaMAoSw'	5.970370370370371	1.0
b'fNhp7o7RhmKhdBFTsJyyxw'	5.013888888888889	1.0
b'fQ1sYWuXtVVOFWhrC9bTrA'	4.142857142857143	1.0
b'fcQDwASYxBGQHiMIJadw-Q'	4.537396121883656	1.0
b'fdX_eu-dCaKsDaK_itNIzQ'	4.013927576601671	1.0
b'ffUCy7Gd8Gr28oK5mHOjsw'	3.1515151515151514	1.0
b'ffUMyqLvDLcsed5p_7wy5A'	5.826086956521739	1.0
b'flCF_Vp9NOpTVeGv673nSg'	5.56	1.0
b'fpwMWuKAR8joNW1B4N3e5w'	4.579387186629527	1.0
b'fqeHgAtcUxp2ocf_RLErkg'	5.666666666666667	1.0
b'fxiZpl88oIrEU_nyLCKWVw'	3.1818181818181817	1.0
b'g0h7RSrFyNYbxWz5m8ScMQ'	4.172413793103448	1.0
b'g3xzSAq_IcF1HeB7yd_LBg'	5.295698924731183	1.0
b'g6aWPjcKukfK1-Po70Lhyw'	5.3125	1.0
b'gT-BU_GVKDsYAFSxkbZm_g'	4.345177664974619	1.0
b'gVTna38clthQRSd9doGYjg'	8.0	1.0
b'gWsWtppVufrGfGWw1HcjOA'	8.666666666666666	1.0
b'gdXfiX8gRpe2TeaWZJoOHQ'	3.984848484848485	1.0
b'gtHH0BgHFSXc-Z1seIWJ1g'	4.454545454545454	1.0
b'gv47gtyCkw_8OyexHrqdDA'	4.030470914127424	1.0
b'gwKOawUNlVvt-b38LNgpLw'	3.983739837398374	1.0
b'gyDTYm_NDWXEHBPGnL-oRQ'	7.633053221288516	1.0
b'h7hgUiuQ9vSczhKdV5YgGw'	5.027863777089784	1.0
b'h8k9AFDqj7fJGjRUZkJkYw'	3.9705882352941178	1.0
b'h9ELiqDfwNktCvLEu1DDNg'	5.081232492997199	1.0
b'hDhQvwpLWSzSgZQSKUSOqQ'	5.911845730027548	1.0
b'hEUAUdG4fBdYWvPeEASnng'	4.925729442970822	1.0
b'hII_nAeCvz-qlyuvbNI1Ig'	3.557377049180328	1.0
b'hLnWXojm7NpyXeqlhIL-lw'	4.187675070028011	1.0
b'hM48axj9twnf7A6a5f8cjA'	4.225806451612903	1.0
b'hNpUT1RRuE6rj-QvnZvVqQ'	4.247058823529412	1.0
b'hNuDWMtu56NLz4L1Ghm0aA'	5.166666666666667	1.0
b'hOxNKZJ8wWg8Q165U7CCqg'	3.9425675675675675	1.0
b'hVzRXGGhRJfTXIasO3bq1w'	3.9889502762430937	1.0
b'hXCoi8OuvdhIA-zXJiPvfg'	4.232044198895028	1.0
b'h_UvnQfe1cuVICly_kIqHg'	4.2745098039215685	1.0
b'hc81y_5FQjTiZcgqnY8vfQ'	3.8181818181818183	1.0
b'hgdJyNg58p1It_b7ElAxgw'	4.5911602209944755	1.0
b'hgktkdzUUvKfx2XITRn-Kw'	4.618384401114207	1.0
b'hisaMvsxMzo08xigPIwXiA'	3.25	1.0
b'hoqk5SFvERVDJVXUaFLpLQ'	4.374301675977653	1.0
b'hpqfvUCTTstmCFoUg7q_pw'	3.3	1.0
b'hvazqoUUIZEISCu5CiWKPA'	3.3333333333333335	1.0
b'i60v66vwf1A13YqcIqGD_A'	4.225352112676056	1.0
b'i7MSJP4JH9yoNpbUsaV9_w'	4.6088154269972454	1.0
b'i7NqPkLgLEBApeoBsPNvyA'	4.444444444444445	1.0
b'i7PG3pFaBLy9MHM_RYzKAw'	3.3636363636363638	1.0
b'iFlr0eG_qH-cgXFhji7gbQ'	8.142857142857142	1.0
b'iIok1p4qnpGAa07xoaXRQA'	6.602777777777778	1.0
b'iRHTFqobTR2mQaDg2-Yojg'	5.894150417827298	1.0
b'iSOaf_-deg1nIlCm3cuzvg'	6.88	1.0
b'ibVJ52iBKcheyLNOPGU8jg'	4.529411764705882	1.0
b'ih3ddtApyqb6W3T1mkdrag'	6.545454545454546	1.0
b'iiEjVLb4JDLE2xl8YGR-Gw'	3.6417910447761193	1.0
b'ikDVOD9Ypyestcw63_z_dA'	4.028011204481793	1.0
b'imBVeP4aA-aLTdPD-t8_WQ'	3.911764705882353	1.0
b'itthpAROLKuP8oks3AaycA'	8.702247191011235	1.0
b'iy-t6CyVL2g38wPFY4ac4g'	4.290322580645161	1.0
b'izNAs4Ya2NWKppUgKnQ04w'	4.9491525423728815	1.0
b'izzrCdvwa1TT8rBsE7Ch7w'	4.511111111111111	1.0
b'j1i7s55PmOFzJC3l6O8PiA'	4.08641975308642	1.0
b'j2TKvVKLMgfJKe_UPtGOVg'	4.105882352941176	1.0
b'jCAoPzq8naXIgW4F3_wVTQ'	4.019662921348314	1.0
b'jDooRCbkYH74g5Tnw-SwrA'	4.033898305084746	1.0
b'jE5lfHPvsuNCJijXWaPqTw'	5.871794871794871	1.0
b'jLpufKQL0CF79vBrKwiMjQ'	4.4787234042553195	1.0
b'jM6YI5V4fYM7OCA1BLKwqw'	4.666666666666667	1.0
b'jP6xmjbQRfUitOmv5PKuJA'	4.180555555555555	1.0
b'jaHKCpllY6Vb_kgQ4DYFkw'	5.186629526462395	1.0
b'jaoFwU5mqxtw2JpZrM73Yg'	3.9889502762430937	1.0
b'jb6yNcKwUDsIQOLYmJCcyA'	5.921568627450981	1.0
b'jc8yrgtHvcNwdhc5HWGQ4A'	4.779552715654952	1.0
b'jgh9iT5k7JxkeK9gu4VJAw'	5.240331491712707	1.0
b'jqNfrXF4e1JjxU3WNj73SA'	4.348314606741573	1.0
b'jte_XM9Zo7TX86jlKwq5gg'	3.6464646464646466	1.0
b'jux9zFaGcIRjrMIBaVJsHQ'	4.52	1.0
b'jz_q2_QTq_CdDbOtY2FSXg'	4.55	1.0
b'jzr6jW5cQ0jpPhEo4kGMBw'	4.5	1.0
b'k0sfr75fgFpwwf_BBdnm9w'	4.46067415730337	1.0
b'k1mNR7eIi-UWVmj_t23Yog'	4.676229508196721	1.0
b'k4AzyNM7a9gtg7-Ig4ZsWg'	5.2296918767507	1.0
b'k7-UuMFIGcbgmP6RY0Gn_Q'	4.5083798882681565	1.0
b'k76zkFY6PbIW4T_Riq15pQ'	5.106995884773663	1.0
b'k9RUMKASTB6QZ-NkfnN8Fg'	5.771349862258953	1.0
b'k9wv5-0u8q4S75MIaTX6aA'	6.744623655913978	1.0
b'kDCmjSgYGn8MbQsnO5UJnA'	6.0	1.0
b'kDu6EvknXAygJf1KSfwhUA'	5.732673267326732	1.0
b'kEIe_lyBKdFB6Hv_wsUYaw'	4.25	1.0
b'kGmntPru09mK3w8uD8oI8g'	4.387096774193548	1.0
b'kM0RJz-fyNaGk_EH765RKA'	4.444444444444445	1.0
b'kMn3BMwhyi_kG8pYRGqUtw'	4.0	1.0
b'kOUnvmGamiw90BfmthoQGg'	4.191666666666666	1.0
b'kPr9rYEkGwbRLgUHvKljQQ'	3.7475728155339807	1.0
b'kUtQT0IgfJaBE-5uP0r4sQ'	5.903581267217631	1.0
b'kVXyz0mYd7NaGuGdM_VMeQ'	3.9622641509433962	1.0
b'kWItkhjHRuzfC11CP1E0ZQ'	4.125	1.0
b'kbJsnDn5GWNMC1XsXpJ5Rg'	3.994490358126722	1.0
b'keQlXWfz2K7GukqaReVyow'	3.7674418604651163	1.0
b'khHxKm1_x6syS5W2LTX0lw'	4.411764705882353	1.0
b'kjV76iCWwQedixbRIvC9gQ'	4.0144927536231885	1.0
b'kjs2IutpZINFnTWx4r6j0Q'	4.083333333333333	1.0
b'kqrhy8kaxvqqbsGpVKRyAg'	5.187150837988827	1.0
b'krsjoEks-XF-PLKjOJW66A'	6.0	1.0
b'krysT2aEJWNoEUYFF7JmkA'	3.9696969696969697	1.0
b'kz5UANVmPxpllcoLnZBNhg'	10.0	1.0
b'l40bwGID1swnFoX-PvmTEw'	4.936507936507937	1.0
b'l6ChWz5fwhkvuEmThuFl5w'	4.491666666666666	1.0
b'lCWebOwMT2T5WKyA_xb8HA'	7.7042801556420235	1.0
b'lFZathO8GnCiB7KtkeDsNQ'	4.959893048128342	1.0
b'lJDnML8EVAc_muLXhN32Yw'	3.9908256880733943	1.0
b'lMeWUHAkBUXwcuX1tGTdtw'	5.0	1.0
b'lPsT-Rmmf6333z6h6ANHrw'	6.867403314917127	1.0
b'lUBlgJ-rDDdwpi6d38L2tg'	4.601123595505618	1.0
b'lYbyy6TTmpk_mlYuYAWkDg'	5.221153846153846	1.0
b'laERkVWfXVeQcjMSNe65SA'	4.986595174262734	1.0
b'lbFkq0Ac2nXeeWBCJ0jZRA'	3.8363636363636364	1.0
b'lc9RZgA1FYbaJp4JQ4gm0Q'	4.253807106598985	1.0
b'lk9FXwKCOxIvXAWF8zr_Zg'	4.220994475138122	1.0
b'lqtybK6_GjSqhK8U55Mc7w'	7.607843137254902	1.0
b'lv_ngvbgwcP5pd2hauMOTw'	5.333333333333333	1.0
b'lwGYjicqmjZqbPq_ZPS3_w'	6.8	1.0
b'lw_vRdg4qUprQEgWDG6czQ'	5.616666666666666	1.0
b'lzD08INl2DDUcDGHXsMkmA'	4.085872576177286	1.0
b'm305DapBPrW4zwF20KbFoA'	3.977653631284916	1.0
b'm3Gjw27yTlmNYG1cuTWlBw'	5.989041095890411	1.0
b'm9ZzN90XEU36YnoPIFzkmA'	5.444444444444445	1.0
b'mCtkHCPp7OFZtqO4Fzlp1A'	9.583333333333334	1.0
b'mEuXIK4Njq37DBLmMlz_0g'	3.0	1.0
b'mJAhCy5XbkaeQqMN05h4Yg'	5.351063829787234	1.0
b'mKT30qU_MlLj4Ps82JAZ8w'	4.285714285714286	1.0
b'mOzxFBAHWwpuH7u5xP0oHw'	4.240793201133145	1.0
b'mQBYABs6w5h3BLcsxn1YuQ'	4.465373961218837	1.0
b'miiptVrDH-qHT4wmI-Lk8g'	3.967391304347826	1.0
b'mswIIlZm3ji6lLAjI3mKBQ'	4.055555555555555	1.0
b'mtjvQctnZEB-c__x5LXCvA'	4.519230769230769	1.0
b'mzq_UgBRWsxTjb7oBNajWA'	6.7105263157894735	1.0
b'n28_5ElTCVkhP-9BTgQGgg'	4.131147540983607	1.0
b'n5BPR_prEPB4B3lxUpoX4g'	3.92	1.0
b'n8tzdLv8oREwZF6e8u7Hkw'	3.5964912280701755	1.0
b'nD_SylumoZnWevDlWcyGcQ'	4.548746518105849	1.0
b'nFWrKmBJvzbHZT090D-Mtg'	3.7962962962962963	1.0
b'nJClfvVwSrr2uuo_y2wO4w'	4.0	1.0
b'nM2Jl9GS7IGlluey8ieivg'	8.588235294117647	1.0
b'nOThVrdk5atLvIEC54pBOQ'	6.050228310502283	1.0
b'nQNjtPpAHw0A8FZj1hPajQ'	6.737430167597766	1.0
b'nTj1Yi5TyRErrP8k8H3C3g'	5.476190476190476	1.0
b'nVw5MK7dBw_JzoH82DCfJw'	4.146814404432133	1.0
b'nWP6dgMGmihB7yMsIRmcPg'	3.4838709677419355	1.0
b'n_EdZHrdiLSaO6IMr5RyWA'	3.9655172413793105	1.0
b'naPGOTVEpRZavvn9-sFg8A'	5.294797687861272	1.0
b'nfxPOAs7FxnLZHKBpP6S5A'	3.965732087227414	1.0
b'nnGqETrosXjIcqP4CFUK8A'	6.8	1.0
b'npqc1DO90A5TzavGmYyGhA'	6.904290429042904	1.0
b'nsfOIWfXpJVylXvryjEcNw'	3.652173913043478	1.0
b'nsgwXdmlWimq9zQ-E3mfMQ'	4.647058823529412	1.0
b'nsw3tlB-hwz4KbPYcuaSww'	4.96875	1.0
b'nzUA0vgcta7OPwpWPbe7Ug'	5.492307692307692	1.0
b'o-D37YVIe0-ravg2HBG8Jw'	4.85	1.0
b'oHcGE5r2k4GgtIFqgZS2GQ'	3.8854166666666665	1.0
b'oKYUMYQI7AkjCJdRsKlqtg'	4.232091690544412	1.0
b'oS-xaHI0FLjfEzHuuL4GKw'	4.0	1.0
b'oSrTdvRGrJ24ofcquIFoPA'	3.588235294117647	1.0
b'o_nzVUVvwBYl3itDdzMddw'	8.071428571428571	1.0
b'oezMXnkdUQMuMH7RuKaiyw'	4.276536312849162	1.0
b'oglIZt5mg2nErhpTH_AakQ'	4.45	1.0
b'opdNlNy2oGE2mxuS0SXR1Q'	3.976833976833977	1.0
b'ovB8CTMCU6RTB9xTrOT_kA'	6.76	1.0
b'ow93ue9XJa0uesCmdnRhEw'	4.833333333333333	1.0
b'oyoMj4yTMybdMRADjFPXiA'	3.8058252427184467	1.0
b'ozAb1TjLJqRH_3pb8TaPTw'	3.5636363636363635	1.0
b'p43Do6Lc9zdUMBFIVT3c0Q'	3.984189723320158	1.0
b'p4h2-y4muYzTr94pBT4mZg'	4.208955223880597	1.0
b'p4qvXkb34X8hgidxEZ33Gw'	4.233333333333333	1.0
b'p5LmGtCNBI74xmwhSmyo8Q'	6.753846153846154	1.0
b'pH9HF3GfJKJAdKDHcoUI4w'	5.963888888888889	1.0
b'pNgDhHaeFkWQW71NzT9wzg'	4.315789473684211	1.0
b'pTvL6Upfp91J1ryrCZpzgg'	3.811320754716981	1.0
b'pUmECN5N94AQAe0DtptuYA'	4.326923076923077	1.0
b'paNjgpMDRhNzBj6xzhHPVQ'	3.4444444444444446	1.0
b'phrJCsa0I_OEWExpiTET8A'	3.40625	1.0
b'ppyUsjr_baAojLKyAAO1uw'	8.407407407407407	1.0
b'px2hJjx46o5OoTud_AdUHw'	8.681818181818182	1.0
b'px5h245j44u_a2bRjDpBxQ'	4.071428571428571	1.0
b'q7O9lH4PaBZj3FTIhRYnkQ'	3.9555555555555557	1.0
b'qB5m-TgJx_zeWKLLxKRfUA'	5.085714285714285	1.0
b'qLYNdv7bgA7OOOKTxu0giA'	4.81767955801105	1.0
b'qW3PBsThG4A3bXz4YnPvIw'	4.857142857142857	1.0
b'qaa9M_pUfOv0BPRcnulk4g'	5.181818181818182	1.0
b'qkDlRkNfrXE_4t2vMrTo0A'	4.2354651162790695	1.0
b'qnuBmj3lL_S_QQOmTI9cfw'	5.927374301675978	1.0
b'qv1GkpAHu6FszLnWt-kojQ'	4.5423728813559325	1.0
b'r4RCtOZxp0nXpuoN_Usd1w'	4.094594594594595	1.0
b'r5qUfdiSL2_hHfdqXBJAMA'	3.8088235294117645	1.0
b'rECtpzeqtOdR5gIWiXoGfQ'	4.0	1.0
b'rIgbi8lCr85UIKSQDVetZw'	3.8	1.0
b'rK07YAIZJBFrvx7Z5k39_g'	6.933701657458563	1.0
b'rKUyL4Bbgd_ipQI3F9i3tQ'	5.138613861386139	1.0
b'rLJsrXyY61bouCfH58PKIA'	3.7	1.0
b'rLwxan_oYkL-m8ldqsHuiA'	6.540983606557377	1.0
b'rQl6EuSaEfFLJhMw9lR0xQ'	4.785714285714286	1.0
b'rU9pDF4Ir0GlgEbx6cXSYA'	4.2745098039215685	1.0
b'rZRxuGOxTaf11VcsMviQwQ'	4.32	1.0
b'rck304cyCwAxQbUAOuuMwg'	5.701492537313433	1.0
b'rcqcUiO5vw7nBcmpJ7Y8Wg'	6.6	1.0
b'rdXAuI2fKilcf65W-QoASQ'	4.010416666666667	1.0
b're8VPkZFSdkj1TvDKtCWYQ'	4.375	1.0
b'rmNTGiMG8NH31b88tUNNfw'	6.5966386554621845	1.0
b'rn2uglsCXkHq5eWppZkjGQ'	4.084699453551913	1.0
b'rnCmWkRXSWNgwC6TYGxp5w'	4.582872928176796	1.0
b'rnx0KHHTD9Yvr2BWAWwQ4g'	5.0754716981132075	1.0
b'rr-8WQv7TWFP3c83ypc4Cg'	4.111111111111111	1.0
b'rvsye09KiUNW_Xa3mygo3Q'	4.466666666666667	1.0
b's-2MJj4o8SGOKGcNjmfx6g'	4.944	1.0
b's43P_mLoOI348Ts_O3kTTg'	3.9972375690607733	1.0
b's44Pr0mXmAtxiRqz_m9CPA'	5.666666666666667	1.0
b's8sAe29mA8q1eQwdC1qAKw'	4.2292817679558015	1.0
b'sBoifVfW-caU7Hq05QMJgw'	3.796116504854369	1.0
b'sPd3E7lFzd_yooiq-ekxtQ'	4.5	1.0
b'sPtBFklthW_Eq-SAAp068w'	5.101123595505618	1.0
b'sUGlSS0AF2xPYFEjvKJbSA'	5.136842105263158	1.0
b'sWWMidrpQmXOhCTrs6xAZg'	5.8914285714285715	1.0
b'sXYkjcuGhtaYP8yeQPaHgA'	4.107734806629834	1.0
b'sbOlgkiKttP4Cq_p6Z-f4w'	4.654696132596685	1.0
b'scCQqfGfHipwVV43opvMJw'	3.217391304347826	1.0
b'scLsLrgdvccvkPZADAj5Qw'	4.446236559139785	1.0
b'sdfmHavBrOZMMsiBv2sg7g'	4.482758620689655	1.0
b'skJ-AlN0DT9pmBDz0ixeJw'	4.147632311977716	1.0
b'sqOoaTxzCS6w2T-QNKhUiw'	6.5917808219178085	1.0
b'svPjZWp4Pa32fwI2gNlxJg'	3.3666666666666667	1.0
b'szUlmJA4MfIhi7xbtsQPYQ'	4.068493150684931	1.0
b't-LnJne10SHAWATKYdQdJQ'	3.7777777777777777	1.0
b't-NF_3LecjuOlwiK-Gx2KQ'	4.018518518518518	1.0
b't1w-AqAHPL-apnKtoboodQ'	7.586206896551724	1.0
b't5fosfj3K4SXi20u5tSOIw'	5.148514851485149	1.0
b't67GMPZ0cv_ItKlID-JFiQ'	4.511111111111111	1.0
b'tAsTOl-mrPX3kiiyz1a1TQ'	4.61731843575419	1.0
b'tMfGHhwGZDXuWZQHd1a0OQ'	6.760869565217392	1.0
b'tORH_LDga3t1bbuluhuxiQ'	8.630434782608695	1.0
b'tSzIHI6ioblP1WEQAQNbhw'	4.649171270718232	1.0
b'tTjXkqN-XVLIP3Vk9EozJg'	4.218232044198895	1.0
b'tZOMMBJEzkJo6okIwG1Pmw'	2.5	1.0
b'tiaSRKBTb7edKIB4V5qFKg'	4.19375	1.0
b'tnRZmWnVnq25S0Hd4h-L_A'	3.9562841530054644	1.0
b'tr7wv-dDSQBdMzEqEJILQA'	5.786324786324786	1.0
b'tsDdetbc4qtzgAPtcLH87A'	7.497674418604651	1.0
b'tt96sjIQIKgtGEvRHhLfBg'	3.9894736842105263	1.0
b'tvESBMlJsaARw6hXoRCdjQ'	4.0	1.0
b'tyo6QzKpnUVTjXoq91FBuQ'	4.0	1.0
b'u5YFVrxuifUxuMRbRVC6AQ'	3.903047091412742	1.0
b'u6sbx5j-06KmPxUwY_mDqg'	4.249299719887955	1.0
b'u84eyOBILlFQIc8fMFCoig'	4.951456310679611	1.0
b'uC3qwaxsOkdJzpOc0v1Mog'	5.647058823529412	1.0
b'uGCAHzEcSXAhRxtDv0M2dA'	4.689655172413793	1.0
b'uSANDilamc1QSiCinFSKYw'	5.072916666666667	1.0
b'uTGV1_Bu-B26_RoHAMi2BQ'	4.204819277108434	1.0
b'uWZKPQs_TVi5qHeL0jIOCw'	4.867977528089888	1.0
b'uYoSb2rNi77LMQZ-Nn1Epg'	7.703389830508475	1.0
b'u_A58uX7x7AEOKOboFGFpg'	4.488888888888889	1.0
b'ubEa6XiMt6gOJ9xsUkbpEw'	3.975	1.0
b'ud_eRNQafA2cW2ZFqfTeww'	4.011173184357542	1.0
b'ues2rFe_hbRC7s232PX5QA'	5.071625344352617	1.0
b'ugdUuApH3pYXggW5qpbALg'	3.375	1.0
b'uoUa8ugZLrly0bA268IqEg'	4.032786885245901	1.0
b'uoV4aDfXbRmvyHSezdn--w'	4.55	1.0
b'upI-oDFUBr_P9Q_waV7rmQ'	3.727272727272727	1.0
b'uqnFLc-1MxWw5f4SIyEf4Q'	3.2903225806451615	1.0
b'utC9M5BetVY6GECRyZeLEw'	4.2727272727272725	1.0
b'utQbhURq2LEPZX7XjmYB3g'	4.068493150684931	1.0
b'uteI0OIVarN_qkmORgPPgg'	3.7586206896551726	1.0
b'v14P9-vB1yjxFfFEYEWudw'	5.8664772727272725	1.0
b'v2AAGuPuH2QGGwosWZw_qA'	3.840909090909091	1.0
b'v3AS5LGeV2Si4nOHZ7lgxQ'	11.571428571428571	1.0
b'v3Ec04i6x7NC1B7YFoA4GQ'	4.906976744186046	1.0
b'vKlfioFE5L-ZSUIbg0NY3Q'	5.096317280453258	1.0
b'vL2XhH5KWVY9ZV6SCjmwCQ'	5.975	1.0
b'vR5Hppx__U_VXObK8VPLOw'	5.119777158774373	1.0
b'v_2mB4t9m8DpIb_aM-qXLA'	5.8431372549019605	1.0
b'vahVdHsH5HjThT0Sa2mThQ'	6.0285714285714285	1.0
b'vn5f16PcHU-feucWgK7r1g'	3.773049645390071	1.0
b'vzqzoa-plufwTsQUwW_s6Q'	3.4722222222222223	1.0
b'w53wITixOgDFWld-X1mMng'	5.069148936170213	1.0
b'w5eLKjDBu8N_tHtXKe4j-g'	4.237960339943343	1.0
b'wEisic-u9Yj543iYzfpAhw'	3.7529411764705882	1.0
b'wGPZCNenq5HYb50Ip9NXAw'	4.037037037037037	1.0
b'wGh7BXk_Yg7VXgb-_VObGQ'	3.557377049180328	1.0
b'wL4xGOaJcpsWxbd8OIS05Q'	3.3076923076923075	1.0
b'wNdTKpis6nxehbaZP0XwJg'	6.0	1.0
b'wOZUfs_p_AO1zXGkBcX2Bg'	3.625	1.0
b'wPRMHVXKndQZj2Or2mCz8A'	6.625	1.0
b'wQgY7CdljLdCJm6XIk1HuA'	4.571045576407506	1.0
b'wUqqq1nUFA8Fn-3vYYFyWQ'	9.347945205479451	1.0
b'wX8btbqgyFh0yHgmyR8ovA'	5.162162162162162	1.0
b'wbia2cGn5pUSCZGLYTu0kw'	5.132596685082873	1.0
b'wj98N3Jc8uZLiEML_J566w'	4.769230769230769	1.0
b'wjGIbeYiciz3ynYIEWCRHQ'	5.25	1.0
b'wsmVIHJEi9J_38dXx2qLKA'	4.830508474576271	1.0
b'wt6SJHPEknFUWjn67_wKoQ'	3.272727272727273	1.0
b'wvCU61bSTtO8Cj7dhyrfMw'	5.118811881188119	1.0
b'wwnuIvnVLgpEZOKzcdfDhw'	4.75	1.0
b'x7WmDyWVYUy4sPfT69nk5w'	5.124661246612466	1.0
b'x8EXXJpcbrIeaVefej2aJw'	4.555555555555555	1.0
b'xI8GXDAdJcPX5dIP0acBvw'	4.78494623655914	1.0
b'xStWlT67YUdrdhfrNP0eQQ'	5.791208791208791	1.0
b'xVpE01l6ZXdEtVf5PkRpDg'	5.179723502304148	1.0
b'xd94CG9wqwLQvPsrSC1l9A'	7.418181818181818	1.0
b'xhc-bSw2Cz2Inskzjve3Rg'	3.9292929292929295	1.0
b'xkF-0GL_TKkU51xWpItBTQ'	5.225	1.0
b'xkdgCrkgfbI80Htst6-Lbw'	4.444444444444445	1.0
b'xtDZdPaHwhAwoo77QV9Oeg'	6.078947368421052	1.0
b'xzGUXMDKa2xw_TJ2n4WrNw'	4.769230769230769	1.0
b'y-1sMhUMubrHWdIW4FaE8w'	3.8333333333333335	1.0
b'y1H7Q7rN9JmySXvwDVYD8A'	4.833333333333333	1.0
b'y2I0Yt6yr48ZgUvR3Pe7Fw'	4.75	1.0
b'y2YHddCEO-OLukNppajGIQ'	3.764705882352941	1.0
b'yLH9mFFwOlzFB_fYKpSyLw'	5.116991643454039	1.0
b'yLrCSSrSnpxB-0ZEPt19jA'	4.923512747875354	1.0
b'yPgUkQxj8CYPKF89HV65kg'	4.647058823529412	1.0
b'yYgeUm-8qXhZiqTrVyQrKg'	4.125	1.0
b'ya6BOrPTHYLKo2ectBd1EA'	5.219512195121951	1.0
b'yfvldEvsIfzcvWqmU8un3w'	3.869565217391304	1.0
b'ygjJmeiGoO--QpTqJ_kZjA'	6.7105263157894735	1.0
b'ymGn0eZHFM0bI8Ig0EVXWg'	3.3333333333333335	1.0
b'ytX-rw4wwOgmzr1n5RuxpA'	4.615606936416185	1.0
b'yvqMh9kTv3Kx-tocc0DFBQ'	6.675126903553299	1.0
b'yxj0P4O-ydn2KTzOut86QA'	5.269230769230769	1.0
b'z2Etq4K6YwbV7P5ENVYEgg'	3.3783783783783785	1.0
b'z9DkYC3QDQ-Bln94sYGdsA'	5.866666666666666	1.0
b'z9lOfnUorcbWR_xS0DSeHw'	6.925414364640884	1.0
b'zEGAtxktaC-r5IvvZVgjoA'	8.407202216066482	1.0
b'zERyZLsAyB47bMZlfUV-SQ'	5.7703081232493	1.0
b'zINKP9rtvo2IUKTZoYJUvQ'	5.202247191011236	1.0
b'zRPAUz1Y2pF9GAKyaGdBlw'	4.319327731092437	1.0
b'zXb5pP4zMHvmusweYfr9TQ'	3.9603960396039604	1.0
b'zY5Y1rYbS_6zrs1s5Ea2SA'	3.6372549019607843	1.0
b'z_2Kc8bPWv0cGEO_jZzxWw'	3.683673469387755	1.0
b'zi_qqjCzkerE2dT-ViE2JA'	4.1440677966101696	1.0
b'zjkZ0apVnRKpF_vSyGNkQA'	4.151761517615176	1.0
b'zjwdU1OdlbKTGjm-IfD4TQ'	5.7979452054794525	1.0
b'zx_eg_zbs2pyDU4QmCXE1Q'	3.6666666666666665	1.0
